city,company_addr,company_industry,company_name,create_time,day_salary,district,job_direction,job_edu,job_exp,job_name,month_salary,publish_man,publish_man_post,publish_time,retain1,retain2,retain3,retain4,source,update_time,url
北京,海淀区,"金融,数据服务",百融金融信息服务股份有限公司,,,海淀区,1,本科,应届毕业生,JAVA工程师,10k-20k,百融金服,百融金服,2018-10-30 17:32:45,,,,,拉勾网,,https://www.lagou.com/jobs/5034322.html
北京,海淀区,数据服务,北京赛时科技有限公司,,,海淀区,1,本科,3-5年,高级java开发工程师,20k-35k,北京赛时,北京赛时,2018-11-06 10:12:44,,,,,拉勾网,,https://www.lagou.com/jobs/5286914.html
北京,昌平区,电子商务 移动互联网,北京海融创科技有限公司,,,昌平区,1,不限,应届毕业生,Java开发工程师,3k-4k,北京海融创科技有限公司,北京海融创科技有限公司,2018-11-06 17:49:26,,,,,拉勾网,,https://www.lagou.com/jobs/5158219.html
北京,海淀区,"移动互联网,数据服务",北京字节跳动科技有限公司,,,海淀区,1,本科,不限,Java开发实习生-企业产品,3k-4k,字节跳动,字节跳动,2018-11-08 15:44:03,,,,,拉勾网,,https://www.lagou.com/jobs/5230406.html
北京,丰台区,"信息安全,数据服务",北京信成未来科技有限公司,,,丰台区,1,硕士,1年以下,Java开发,3k-6k,信成未来科技,信成未来科技,2018-11-04 09:47:17,,,,,拉勾网,,https://www.lagou.com/jobs/4848483.html
北京,朝阳区,移动互联网,北京九识佳科技有限公司,,,朝阳区,1,本科,应届毕业生,实习JAVA/PHP开发,4k-8k,小肚皮App,小肚皮App,2018-11-08 09:51:34,,,,,拉勾网,,https://www.lagou.com/jobs/3155873.html
北京,海淀区,移动互联网,北京首都在线科技股份有限公司,,,海淀区,1,本科,应届毕业生,Java实习生（可转正）,2k-4k,CDS,CDS,2018-11-07 09:28:37,,,,,拉勾网,,https://www.lagou.com/jobs/3994072.html
北京,昌平区,"移动互联网,金融",北京金科梦科技有限公司,,,昌平区,1,不限,不限,Java开发工程师,2k-4k,北京金科梦科技有限公司,北京金科梦科技有限公司,2018-11-08 09:11:13,,,,,拉勾网,,https://www.lagou.com/jobs/5152977.html
北京,朝阳区,"金融,其他",平安健康保险股份有限公司,,,朝阳区,1,本科,应届毕业生,Java开发工程师（实习生招聘）,3k-5k,平安健康保险,平安健康保险,2018-11-08 09:20:09,,,,,拉勾网,,https://www.lagou.com/jobs/4703786.html
北京,海淀区,数据服务,精硕科技（北京）股份有限公司,,,海淀区,1,本科,应届毕业生,java开发工程师（北京校招）,10k-15k,AdMaster,AdMaster,2018-10-30 14:20:10,,,,,拉勾网,,https://www.lagou.com/jobs/5227673.html
北京,朝阳区,"移动互联网,O2O",北京三快在线科技有限公司,,,朝阳区,1,本科,不限,【实习】java研发工程师-分布式系统方向,4k-5k,美团点评,美团点评,2018-11-08 10:56:41,,,,,拉勾网,,https://www.lagou.com/jobs/5132408.html
北京,海淀区,"医疗健康,数据服务",生命奇点（北京）科技有限公司,,,海淀区,1,本科,应届毕业生,大数据工程师/Java,8k-16k,生命奇点,生命奇点,2018-11-06 19:05:04,,,,,拉勾网,,https://www.lagou.com/jobs/5235189.html
北京,朝阳区,"电子商务,O2O",北京云杉世界信息技术有限公司,,,朝阳区,1,本科,应届毕业生,JAVA开发工程师,10k-15k,美菜网,美菜网,2018-11-08 15:08:59,,,,,拉勾网,,https://www.lagou.com/jobs/4016758.html
北京,海淀区,"移动互联网,教育",北京天天乐学教育科技有限公司,,,海淀区,1,本科,应届毕业生,（实习）Java开发工程师,4k-6k,天天乐学,天天乐学,2018-11-02 16:13:28,,,,,拉勾网,,https://www.lagou.com/jobs/5201722.html
北京,朝阳区,"移动互联网 ,文化娱乐",北京太合娱乐文化发展股份有限公司,,,朝阳区,1,本科,应届毕业生,Java开发实习生,2k-3k,太合娱乐,太合娱乐,2018-11-08 17:29:34,,,,,拉勾网,,https://www.lagou.com/jobs/5060812.html
北京,海淀区,移动互联网,北京汉迪移动互联网科技股份有限公司,,,海淀区,4,本科,应届毕业生,Python开发实习生,5k-8k,iHandy,iHandy,2018-11-08 10:10:54,,,,,拉勾网,,https://www.lagou.com/jobs/4816724.html
北京,海淀区,数据服务,北京升鑫网络科技有限公司,,,海淀区,4,硕士,应届毕业生,python开发实习生,2k-3k,青藤云安全,青藤云安全,2018-11-07 11:54:17,,,,,拉勾网,,https://www.lagou.com/jobs/5179861.html
北京,海淀区,移动互联网,百度时代网络技术(北京)有限公司,,,海淀区,4,本科,应届毕业生,python开发工程师（20年毕业实习岗）,3k-6k,百度,百度,2018-11-07 16:42:08,,,,,拉勾网,,https://www.lagou.com/jobs/5280206.html
北京,朝阳区,移动互联网,北京摩尔妈咪网络科技有限公司,,,朝阳区,4,本科,应届毕业生,python开发实习生,3k-6k,摩尔妈妈,摩尔妈妈,2018-11-06 14:21:21,,,,,拉勾网,,https://www.lagou.com/jobs/4912615.html
北京,海淀区,移动互联网,北京首都在线科技股份有限公司,,,海淀区,4,本科,应届毕业生,python实习生（可转正）,2k-4k,CDS,CDS,2018-11-07 09:28:37,,,,,拉勾网,,https://www.lagou.com/jobs/4000250.html
北京,朝阳区,"电子商务,数据服务",北京京东世纪贸易有限公司,,,朝阳区,4,硕士,不限,python实习生,6k-8k,京东集团,京东集团,2018-11-08 09:56:49,,,,,拉勾网,,https://www.lagou.com/jobs/5303475.html
北京,海淀区,信息安全,北京神州绿盟信息安全科技股份有限公司,,,海淀区,4,本科,不限,Python实习生,2k-4k,绿盟科技,绿盟科技,2018-10-23 11:33:05,,,,,拉勾网,,https://www.lagou.com/jobs/5068362.html
北京,海淀区,教育,小立教育科技（北京）有限公司,,,海淀区,4,本科,应届毕业生,Python开发工程师,15k-25k,小立教育,小立教育,2018-10-12 16:04:24,,,,,拉勾网,,https://www.lagou.com/jobs/4120928.html
北京,朝阳区,"移动互联网,电子商务",北京第三石科技发展有限公司,,,朝阳区,4,本科,应届毕业生,Python开发工程师（校招）,4k-8k,第三石科技,第三石科技,2018-11-08 15:08:54,,,,,拉勾网,,https://www.lagou.com/jobs/3830261.html
北京,海淀区,金融,北京智融时代信息技术有限公司,,,海淀区,4,不限,1年以下,python开发实习生,6k-9k,智融集团,智融集团,2018-11-08 10:41:57,,,,,拉勾网,,https://www.lagou.com/jobs/3740753.html
北京,朝阳区,"移动互联网,金融",福州必全网络科技有限公司,,,朝阳区,4,本科,应届毕业生,python程序员（实习生）,3k-4k,必全网络,必全网络,2018-11-07 15:39:59,,,,,拉勾网,,https://www.lagou.com/jobs/5301159.html
北京,大兴区,"移动互联网,硬件",北京罗威亚科技有限公司,,,大兴区,4,本科,应届毕业生,Python【实习生】,5k-10k,罗威亚科技,罗威亚科技,2018-11-08 17:04:50,,,,,拉勾网,,https://www.lagou.com/jobs/1744860.html
北京,朝阳区,"硬件,教育",小叶子（北京）科技有限公司,,,朝阳区,4,本科,不限,python实习生,3k-4k,The ONE,The ONE,2018-11-07 11:42:27,,,,,拉勾网,,https://www.lagou.com/jobs/5156054.html
北京,朝阳区,"移动互联网,金融",北京格上添富科技发展有限公司,,,朝阳区,4,本科,不限,Python应届毕业生,5k-8k,格上添富,格上添富,2018-10-29 17:18:32,,,,,拉勾网,,https://www.lagou.com/jobs/1724711.html
北京,海淀区,移动互联网,北京小度互娱科技有限公司,,,海淀区,4,本科,应届毕业生,Python开发实习生,3k-4k,百度视频,百度视频,2018-11-08 12:33:53,,,,,拉勾网,,https://www.lagou.com/jobs/4169100.html
北京,海淀区,"移动互联网,数据服务",北京字节跳动科技有限公司,,,海淀区,2,本科,不限,C++开发实习生,3k-6k,字节跳动,字节跳动,2018-11-09 00:05:50,,,,,拉勾网,,https://www.lagou.com/jobs/5119066.html
北京,海淀区,"移动互联网,教育",小船出海教育科技（北京）有限公司,,,海淀区,2,本科,应届毕业生,C++实习生(J10836),3k-5k,作业帮,作业帮,2018-11-08 12:06:20,,,,,拉勾网,,https://www.lagou.com/jobs/4984477.html
北京,海淀区,移动互联网,北京天学网教育科技股份有限公司,,,海淀区,2,本科,应届毕业生,C++工程师,6k-12k,天学网,天学网,2018-11-06 09:51:33,,,,,拉勾网,,https://www.lagou.com/jobs/5293585.html
北京,朝阳区,"移动互联网,教育",北京粉笔蓝天科技有限公司,,,朝阳区,2,本科,应届毕业生,C++开发实习生,8k-12k,粉笔网,粉笔网,2018-11-08 17:09:03,,,,,拉勾网,,https://www.lagou.com/jobs/5078440.html
北京,昌平区,"企业服务,数据服务",北京奇简云科技有限公司,,,昌平区,2,本科,应届毕业生,C++开发实习生,5k-10k,Terark,Terark,2018-10-15 16:59:51,,,,,拉勾网,,https://www.lagou.com/jobs/3781520.html
北京,海淀区,医疗健康,北京图湃影像科技有限公司,,,海淀区,2,本科,应届毕业生,c++开发工程师,3k-6k,图湃影像,图湃影像,2018-11-07 09:10:31,,,,,拉勾网,,https://www.lagou.com/jobs/5058441.html
北京,朝阳区,"企业服务,数据服务",北京数美时代科技有限公司,,,朝阳区,2,本科,不限,C++研发（校招／实习）,3k-6k,数美,数美,2018-11-08 10:28:13,,,,,拉勾网,,https://www.lagou.com/jobs/4045893.html
北京,海淀区,移动互联网,北京一维弦科技有限责任公司,,,海淀区,2,本科,应届毕业生,C++软件实习生,3k-5k,一维弦,一维弦,2018-11-06 10:23:56,,,,,拉勾网,,https://www.lagou.com/jobs/4507305.html
北京,朝阳区,硬件,北京盈迪曼德科技有限公司,,,朝阳区,2,本科,不限,C++(ROS)开发实习生,4k-6k,INDEMIND,INDEMIND,2018-11-05 12:36:07,,,,,拉勾网,,https://www.lagou.com/jobs/4799174.html
北京,海淀区,"数据服务,信息安全",互联网域名系统北京市工程研究中心有限公司,,,海淀区,2,本科,不限,C++开发工程师（实习生）,3k-5k,ZDNS,ZDNS,2018-10-29 15:37:25,,,,,拉勾网,,https://www.lagou.com/jobs/5228493.html
北京,海淀区,"硬件,企业服务",北京原子机器人科技有限公司,,,海淀区,2,本科,应届毕业生,C/C++软件开发实习生,3k-6k,原子机器人,原子机器人,2018-11-05 15:41:54,,,,,拉勾网,,https://www.lagou.com/jobs/4605568.html
北京,海淀区,信息安全,北京中科网航安全技术有限公司,,,海淀区,2,本科,应届毕业生,C/C++开发实习生,4k-5k,中科网航,中科网航,2018-11-02 17:35:17,,,,,拉勾网,,https://www.lagou.com/jobs/3700203.html
北京,海淀区,"移动互联网,数据服务",北京字节跳动科技有限公司,,,海淀区,2,本科,不限,C++研发实习生-抖音/火山,6k-8k,字节跳动,字节跳动,2018-11-08 15:41:06,,,,,拉勾网,,https://www.lagou.com/jobs/5123689.html
北京,海淀区,"移动互联网,数据服务",北京字节跳动科技有限公司,,,海淀区,2,本科,不限,Rust/C++研发实习生,8k-10k,字节跳动,字节跳动,2018-11-08 15:46:09,,,,,拉勾网,,https://www.lagou.com/jobs/5290265.html
北京,昌平区,"企业服务,数据服务",北京奇简云科技有限公司,,,昌平区,2,硕士,应届毕业生,C++算法实习生,7k-14k,Terark,Terark,2018-10-10 17:38:45,,,,,拉勾网,,https://www.lagou.com/jobs/3781534.html
北京,朝阳区,社交网络,北京陌陌科技有限公司,,,朝阳区,6,本科,不限,数据挖掘实习生,3k-4k,陌陌,陌陌,2018-11-07 10:56:05,,,,,拉勾网,,https://www.lagou.com/jobs/2765850.html
北京,海淀区,文化娱乐,新浪网技术（中国）有限公司,,,海淀区,6,硕士,不限,数据挖掘实习生,3k-5k,新浪网,新浪网,2018-11-08 13:39:23,,,,,拉勾网,,https://www.lagou.com/jobs/5221203.html
北京,海淀区,"移动互联网,数据服务",北京字节跳动科技有限公司,,,海淀区,6,本科,不限,数据挖掘实习生,3k-6k,字节跳动,字节跳动,2018-11-08 10:18:19,,,,,拉勾网,,https://www.lagou.com/jobs/5177455.html
北京,朝阳区,"企业服务,数据服务",北京数美时代科技有限公司,,,朝阳区,6,硕士,应届毕业生,数据挖掘实习生,3k-6k,数美,数美,2018-11-08 10:28:15,,,,,拉勾网,,https://www.lagou.com/jobs/3397898.html
北京,朝阳区,"移动互联网,教育",光合新知（北京）科技有限公司,,,朝阳区,6,本科,应届毕业生,数据挖掘实习生,3k-5k,洋葱数学,洋葱数学,2018-11-08 18:05:30,,,,,拉勾网,,https://www.lagou.com/jobs/5250040.html
北京,朝阳区,"数据服务,信息安全",威讯柏睿数据科技（北京）有限公司,,,朝阳区,6,硕士,应届毕业生,数据挖掘工程师（实习）,8k-15k,柏睿数据,柏睿数据,2018-11-06 10:13:15,,,,,拉勾网,,https://www.lagou.com/jobs/5045700.html
北京,朝阳区,"移动互联网,数据服务",北京泓钧科技有限公司,,,朝阳区,6,本科,应届毕业生,数据挖掘实习生,5k-6k,泓钧科技,泓钧科技,2018-11-07 14:24:15,,,,,拉勾网,,https://www.lagou.com/jobs/4826815.html
北京,海淀区,"移动互联网,数据服务",百度在线网络技术（北京）有限公司,,,海淀区,6,本科,不限,机器学习/数据挖掘实习生,2k-4k,百度,百度,2018-11-07 13:44:25,,,,,拉勾网,,https://www.lagou.com/jobs/5280603.html
北京,朝阳区,移动互联网,时趣互动（北京）科技有限公司,,,朝阳区,6,本科,不限,2018校招-数据挖掘工程师（可实习）,3k-5k,时趣social-touch,时趣social-touch,2018-11-08 17:45:24,,,,,拉勾网,,https://www.lagou.com/jobs/3901990.html
北京,朝阳区,移动互联网,一点网聚科技有限公司,,,朝阳区,6,本科,不限,数据挖掘实习生【算法】,4k-5k,一点资讯,一点资讯,2018-11-05 15:34:23,,,,,拉勾网,,https://www.lagou.com/jobs/5291346.html
北京,海淀区,"移动互联网,文化娱乐",北京秒帧科技发展有限公司,,,海淀区,6,本科,不限,数据挖掘实习生,5k-10k,秒帧TV,秒帧TV,2018-11-07 12:16:27,,,,,拉勾网,,https://www.lagou.com/jobs/4146091.html
北京,海淀区,移动互联网,第四范式（北京）技术有限公司,,,海淀区,6,硕士,应届毕业生,数据挖掘实习生,7k-10k,第四范式,第四范式,2018-11-07 15:03:22,,,,,拉勾网,,https://www.lagou.com/jobs/4702837.html
北京,西城区,"移动互联网,医疗健康",北京康夫子科技有限公司,,,西城区,6,本科,应届毕业生,自然语言处理/数据挖掘/深度学习工程师（实习生）,4k-6k,康夫子,康夫子,2018-10-29 15:42:44,,,,,拉勾网,,https://www.lagou.com/jobs/4490157.html
北京,朝阳区,"移动互联网,O2O",北京怡合春天科技有限公司,,,朝阳区,6,本科,应届毕业生,数据挖掘工程师实习生,3k-5k,本木医疗,本木医疗,2018-10-23 17:02:28,,,,,拉勾网,,https://www.lagou.com/jobs/5237826.html
北京,朝阳区,"移动互联网,文化娱乐",北京猫眼文化传媒有限公司,,,朝阳区,6,本科,不限,【实习生】机器学习、数据挖掘算法工程师,4k-6k,猫眼电影,猫眼电影,2018-11-06 09:56:45,,,,,拉勾网,,https://www.lagou.com/jobs/3337701.html
北京,海淀区,"移动互联网,数据服务",北京字节跳动科技有限公司,,,海淀区,7,本科,不限,Android/iOS 多媒体SDK开发实习生,8k-10k,字节跳动,字节跳动,2018-11-09 00:05:50,,,,,拉勾网,,https://www.lagou.com/jobs/5121087.html
北京,朝阳区,社交网络,北京陌陌科技有限公司,,,朝阳区,7,本科,不限,Android/iOS开发实习生,4k-7k,陌陌,陌陌,2018-11-07 10:55:51,,,,,拉勾网,,https://www.lagou.com/jobs/4865932.html
北京,东城区,"移动互联网,社交网络",北京豆果信息技术有限公司,,,东城区,7,本科,不限,Android开发实习生,4k-6k,豆果美食,豆果美食,2018-11-07 11:05:45,,,,,拉勾网,,https://www.lagou.com/jobs/3431383.html
北京,朝阳区,移动互联网 社交网络,北京诺舟科技有限公司,,,朝阳区,7,本科,不限,android实习,3k-6k,ONO,ONO,2018-11-08 15:16:51,,,,,拉勾网,,https://www.lagou.com/jobs/5305952.html
北京,海淀区,"移动互联网,社交网络",北京趣发芽科技有限公司,,,海淀区,7,本科,应届毕业生,android实习生,2k-4k,圈子账本,圈子账本,2018-11-08 10:29:46,,,,,拉勾网,,https://www.lagou.com/jobs/3054616.html
北京,大兴区,"移动互联网 ,教育",广州摩翼信息科技有限公司,,,大兴区,7,本科,应届毕业生,Android研发工程师,6k-10k,翼课网,翼课网,2018-11-08 13:36:24,,,,,拉勾网,,https://www.lagou.com/jobs/3610171.html
北京,大兴区,"移动互联网,金融",北京蔚来无限科技有限公司,,,大兴区,7,本科,不限,安卓开发工程师,3k-5k,蔚来科技,蔚来科技,2018-11-07 14:45:46,,,,,拉勾网,,https://www.lagou.com/jobs/4953471.html
北京,海淀区,"移动互联网,硬件",北京旷视科技有限公司,,,海淀区,7,本科,不限,Android开发实习生,5k-8k,Face++,Face++,2018-11-08 10:44:23,,,,,拉勾网,,https://www.lagou.com/jobs/5132182.html
北京,海淀区,"社交网络,文化娱乐",北京顺势为快科技有限公司,,,海淀区,7,硕士,应届毕业生,Android开发实习生,3k-4k,VeeR,VeeR,2018-11-08 17:27:47,,,,,拉勾网,,https://www.lagou.com/jobs/5163444.html
北京,朝阳区,"移动互联网,社交网络",云智联网络科技（北京）有限公司,,,朝阳区,7,本科,不限,Android工程师实习生 (MJ000360),3k-6k,亚创,亚创,2018-11-08 11:57:29,,,,,拉勾网,,https://www.lagou.com/jobs/5249880.html
北京,朝阳区,企业服务,企家有道网络技术（北京）有限公司,,,朝阳区,7,本科,1年以下,Android实习生,2k-4k,薪人薪事,薪人薪事,2018-11-06 09:52:23,,,,,拉勾网,,https://www.lagou.com/jobs/4909544.html
北京,朝阳区,移动互联网,北京琥珀创想科技有限公司,,,朝阳区,7,本科,不限,Android开发实习生,3k-4k,琥珀天气,琥珀天气,2018-11-08 10:56:49,,,,,拉勾网,,https://www.lagou.com/jobs/1107160.html
北京,昌平区,"移动互联网,教育",北京不加点科技有限公司,,,昌平区,7,本科,应届毕业生,android开发实习生,4k-5k,北京不加点科技有限公司,北京不加点科技有限公司,2018-11-08 10:02:39,,,,,拉勾网,,https://www.lagou.com/jobs/5118244.html
北京,海淀区,"移动互联网,数据服务",百度在线网络技术（北京）有限公司,,,海淀区,7,本科,应届毕业生,Android研发工程师实习生,2k-3k,百度,百度,2018-11-02 12:56:05,,,,,拉勾网,,https://www.lagou.com/jobs/5285285.html
北京,朝阳区,"金融,其他",平安健康保险股份有限公司,,,朝阳区,7,本科,不限,Android 工程师（实习生招聘）,3k-5k,平安健康保险,平安健康保险,2018-11-08 09:20:09,,,,,拉勾网,,https://www.lagou.com/jobs/4703807.html
北京,朝阳区,社交网络,北京陌陌科技有限公司,,,朝阳区,8,本科,不限,iOS开发工程师（18届校招职位）,10k-20k,陌陌,陌陌,2018-11-07 10:56:01,,,,,拉勾网,,https://www.lagou.com/jobs/3772587.html
北京,海淀区,"移动互联网,数据服务",北京字节跳动科技有限公司,,,海淀区,8,本科,不限,iOS开发实习生,7k-9k,字节跳动,字节跳动,2018-11-08 15:29:02,,,,,拉勾网,,https://www.lagou.com/jobs/4038748.html
北京,海淀区,"移动互联网,社交网络",北京趣发芽科技有限公司,,,海淀区,8,本科,应届毕业生,iOS实习生,2k-4k,圈子账本,圈子账本,2018-11-08 10:29:45,,,,,拉勾网,,https://www.lagou.com/jobs/2442509.html
北京,朝阳区,游戏,清枫（北京）科技有限公司,,,朝阳区,8,本科,不限,iOS开发实习生,3k-6k,Max+&小黑盒,Max+&小黑盒,2018-11-08 17:10:52,,,,,拉勾网,,https://www.lagou.com/jobs/1325885.html
北京,大兴区,"移动互联网,金融",北京蔚来无限科技有限公司,,,大兴区,8,本科,不限,ios开发工程师,3k-5k,蔚来科技,蔚来科技,2018-11-07 14:45:21,,,,,拉勾网,,https://www.lagou.com/jobs/4960154.html
北京,海淀区,"移动互联网,社交网络",北京高梓行远科技有限公司,,,海淀区,8,本科,应届毕业生,ios开发实习生,3k-5k,Lespark,Lespark,2018-11-08 09:36:22,,,,,拉勾网,,https://www.lagou.com/jobs/3873150.html
北京,海淀区,"金融,数据服务",北京智借网络科技有限公司,,,海淀区,8,本科,不限,iOS 研发实习生-Y,2k-3k,智借网络科技,智借网络科技,2018-11-08 09:55:11,,,,,拉勾网,,https://www.lagou.com/jobs/5003306.html
北京,海淀区,"移动互联网,教育",北京天天乐学教育科技有限公司,,,海淀区,8,本科,应届毕业生,[实习]iOS开发工程师,4k-6k,天天乐学,天天乐学,2018-10-17 13:31:37,,,,,拉勾网,,https://www.lagou.com/jobs/4195207.html
北京,海淀区,"移动互联网,数据服务",百度在线网络技术（北京）有限公司,,,海淀区,8,本科,应届毕业生,iOS研发工程师实习生,2k-3k,百度,百度,2018-11-02 12:54:35,,,,,拉勾网,,https://www.lagou.com/jobs/5285282.html
北京,海淀区,"社交网络,文化娱乐",北京顺势为快科技有限公司,,,海淀区,8,本科,应届毕业生,IOS开发实习生,3k-4k,VeeR,VeeR,2018-11-08 17:27:47,,,,,拉勾网,,https://www.lagou.com/jobs/5174888.html
北京,东城区,"移动互联网,社交网络",北京豆果信息技术有限公司,,,东城区,8,本科,应届毕业生,iOS开发实习生,4k-6k,豆果美食,豆果美食,2018-11-07 11:05:46,,,,,拉勾网,,https://www.lagou.com/jobs/3431361.html
北京,海淀区,"移动互联网,教育",北京歪果仁科技有限公司,,,海淀区,8,本科,应届毕业生,iOS开发实习生,3k-4k,歪果仁科技,歪果仁科技,2018-11-06 10:29:05,,,,,拉勾网,,https://www.lagou.com/jobs/5255716.html
北京,大兴区,移动互联网、金融,北京湛腾世纪科技有限公司,,,大兴区,8,本科,应届毕业生,iOS开发实习生,3k-5k,北京湛腾科技,北京湛腾科技,2018-11-08 10:19:47,,,,,拉勾网,,https://www.lagou.com/jobs/4934803.html
北京,昌平区,"移动互联网,教育",北京不加点科技有限公司,,,昌平区,8,本科,应届毕业生,IOS开发实习生,4k-5k,北京不加点科技有限公司,北京不加点科技有限公司,2018-11-06 10:09:56,,,,,拉勾网,,https://www.lagou.com/jobs/5063051.html
北京,海淀区,金融,北京快快网络技术有限公司,,,海淀区,8,本科,应届毕业生,IOS开发实习生,3k-4k,真融宝,真融宝,2018-11-01 18:00:33,,,,,拉勾网,,https://www.lagou.com/jobs/4960131.html
北京,海淀区,"金融,数据服务",百融金融信息服务股份有限公司,,,海淀区,10,本科,应届毕业生,测试工程师,10k-20k,百融金服,百融金服,2018-10-30 17:32:45,,,,,拉勾网,,https://www.lagou.com/jobs/5033165.html
北京,朝阳区,社交网络,北京陌陌科技有限公司,,,朝阳区,10,本科,不限,测试实习生,3k-6k,陌陌,陌陌,2018-11-07 10:55:43,,,,,拉勾网,,https://www.lagou.com/jobs/4574091.html
北京,海淀区,"移动互联网,数据服务",北京字节跳动科技有限公司,,,海淀区,10,本科,不限,测试实习生,5k-7k,字节跳动,字节跳动,2018-11-08 15:26:57,,,,,拉勾网,,https://www.lagou.com/jobs/3511116.html
北京,朝阳区,移动互联网,北京九识佳科技有限公司,,,朝阳区,10,本科,应届毕业生,测试,3k-6k,小肚皮App,小肚皮App,2018-11-08 09:51:35,,,,,拉勾网,,https://www.lagou.com/jobs/1087800.html
北京,海淀区,"移动互联网,教育",北京世纪好未来教育科技有限公司,,,海淀区,10,本科,1年以下,测试部-信息核查实习生,4k-5k,好未来,好未来,2018-11-08 17:00:36,,,,,拉勾网,,https://www.lagou.com/jobs/5306842.html
北京,海淀区,文化娱乐,新浪网技术（中国）有限公司,,,海淀区,10,本科,应届毕业生,测试实习生,1k-2k,新浪网,新浪网,2018-11-05 10:12:10,,,,,拉勾网,,https://www.lagou.com/jobs/4065606.html
北京,朝阳区,"移动互联网,企业服务",维我软件（上海）有限公司北京分公司,,,朝阳区,10,本科,不限,QA Intern,4k-5k,Veeva,Veeva,2018-11-08 11:22:08,,,,,拉勾网,,https://www.lagou.com/jobs/4627261.html
北京,朝阳区,"移动互联网,游戏",北京数字天域科技有限责任公司,,,朝阳区,10,本科,应届毕业生,测试工程师,4k-6k,联络互动,联络互动,2018-11-08 09:38:27,,,,,拉勾网,,https://www.lagou.com/jobs/5280414.html
北京,海淀区,"移动互联网,教育",小船出海教育科技（北京）有限公司,,,海淀区,10,本科,不限,测试开发实习生,3k-5k,作业帮,作业帮,2018-11-01 11:28:08,,,,,拉勾网,,https://www.lagou.com/jobs/5057189.html
北京,海淀区,"移动互联网,硬件",北京旷视科技有限公司,,,海淀区,10,本科,1年以下,测试开发实习生,3k-4k,Face++,Face++,2018-11-07 18:20:08,,,,,拉勾网,,https://www.lagou.com/jobs/5147621.html
北京,海淀区,移动互联网,北京市商汤科技开发有限公司,,,海淀区,10,本科,应届毕业生,测试开发实习生,5k-8k,商汤科技,商汤科技,2018-11-08 16:09:52,,,,,拉勾网,,https://www.lagou.com/jobs/5254931.html
北京,海淀区,"电子商务,移动互联网",网易（杭州）有限公司,,,海淀区,10,本科,应届毕业生,测试开发实习生,3k-4k,网易,网易,2018-11-05 09:31:06,,,,,拉勾网,,https://www.lagou.com/jobs/4993142.html
北京,海淀区,广告营销,北京新意互动广告有限公司,,,海淀区,10,本科,应届毕业生,测试实习生,3k-4k,新意互动,新意互动,2018-11-08 15:10:42,,,,,拉勾网,,https://www.lagou.com/jobs/5127796.html
北京,朝阳区,"电子商务,企业服务",汉唐信通（北京）咨询有限公司,,,朝阳区,10,本科,应届毕业生,测试实习,6k-10k,汉唐信通,汉唐信通,2018-11-08 20:23:58,,,,,拉勾网,,https://www.lagou.com/jobs/5307639.html
北京,朝阳区,"移动互联网,金融",深圳市有鱼智能科技有限公司,,,朝阳区,10,本科,应届毕业生,测试部实习生（北京）,3k-5k,有鱼智能科技,有鱼智能科技,2018-11-08 09:53:43,,,,,拉勾网,,https://www.lagou.com/jobs/4981463.html
北京,海淀区,"移动互联网,数据服务",北京字节跳动科技有限公司,,,海淀区,3,本科,不限,Web开发实习生-AI Lab,3k-6k,字节跳动,字节跳动,2018-11-08 15:27:56,,,,,拉勾网,,https://www.lagou.com/jobs/5119249.html
北京,海淀区,信息安全,北京神州绿盟信息安全科技股份有限公司,,,海淀区,3,本科,不限,web开发实习生,2k-4k,绿盟科技,绿盟科技,2018-10-23 11:32:54,,,,,拉勾网,,https://www.lagou.com/jobs/5090595.html
北京,东城区,移动互联网,北京安亿致用科技有限公司,,,东城区,3,本科,应届毕业生,Web Development Intern,3k-4k,AppAnnie,AppAnnie,2018-11-05 11:14:09,,,,,拉勾网,,https://www.lagou.com/jobs/4731300.html
北京,朝阳区,"企业服务,数据服务",赛仕软件研究开发（北京）有限公司,,,朝阳区,3,硕士,应届毕业生,Web应用开发实习生,2k-3k,SAS,SAS,2018-11-05 15:19:08,,,,,拉勾网,,https://www.lagou.com/jobs/5280826.html
北京,海淀区,"移动互联网,硬件",北京主线科技有限公司,,,海淀区,3,本科,应届毕业生,WEB前端开发工程师,3k-5k,主线科技,主线科技,2018-11-08 16:56:19,,,,,拉勾网,,https://www.lagou.com/jobs/4990926.html
北京,海淀区,"移动互联网,教育",北京起跑线移动科技有限公司,,,海淀区,3,大专,不限,web前端-网站开发配置专员,2k-4k,起跑线移动科技,起跑线移动科技,2018-11-08 10:53:05,,,,,拉勾网,,https://www.lagou.com/jobs/2451627.html
北京,朝阳区,社交网络,北京陌陌科技有限公司,,,朝阳区,3,本科,应届毕业生,WEB前端开发实习生,4k-8k,陌陌,陌陌,2018-11-07 10:55:44,,,,,拉勾网,,https://www.lagou.com/jobs/3566948.html
北京,朝阳区,"移动互联网,医疗健康",北京优护创智健康科技有限责任公司,,,朝阳区,3,本科,应届毕业生,WEB前端实习生,2k-4k,优护家,优护家,2018-11-08 13:49:44,,,,,拉勾网,,https://www.lagou.com/jobs/4999696.html
北京,海淀区,信息安全,北京钛星数安科技有限公司,,,海淀区,3,不限,应届毕业生,web前端开发工程师,3k-4k,钛星数安,钛星数安,2018-11-07 17:23:19,,,,,拉勾网,,https://www.lagou.com/jobs/5302065.html
北京,朝阳区,游戏,清枫（北京）科技有限公司,,,朝阳区,3,本科,应届毕业生,web前端实习生,3k-6k,Max+&小黑盒,Max+&小黑盒,2018-11-08 17:10:52,,,,,拉勾网,,https://www.lagou.com/jobs/2939687.html
北京,海淀区,"企业服务,其他",北京中关村创业大街科技服务有限公司,,,海淀区,3,本科,应届毕业生,web前端工程师,3k-6k,中关村创业大街,中关村创业大街,2018-11-07 16:22:16,,,,,拉勾网,,https://www.lagou.com/jobs/5301565.html
北京,朝阳区,"移动互联网,教育",北京粉笔蓝天科技有限公司,,,朝阳区,3,本科,应届毕业生,（校招/实习生）Web 前端开发工程师,18k-20k,粉笔网,粉笔网,2018-11-08 17:09:02,,,,,拉勾网,,https://www.lagou.com/jobs/4754183.html
北京,海淀区,企业服务,北京海置科创科技服务有限公司,,,海淀区,3,本科,应届毕业生,web前端工程师,3k-6k,海置科创,海置科创,2018-11-07 16:28:32,,,,,拉勾网,,https://www.lagou.com/jobs/5301622.html
北京,海淀区,"移动互联网,企业服务",北京合力云通科技有限公司,,,海淀区,3,本科,应届毕业生,Web前端开发工程师 -- 实习或兼职,3k-6k,合力云通,合力云通,2018-11-02 22:48:16,,,,,拉勾网,,https://www.lagou.com/jobs/3008371.html
北京,朝阳区,"企业服务,移动互联网",北京网豆科技有限公司,,,朝阳区,3,不限,应届毕业生,web前端实习生,2k-4k,网豆科技,网豆科技,2018-11-08 11:55:49,,,,,拉勾网,,https://www.lagou.com/jobs/3218301.html
北京,海淀区,文化娱乐,新浪网技术（中国）有限公司,,,海淀区,9,本科,不限,运维实习生,1k-2k,新浪网,新浪网,2018-11-08 13:39:22,,,,,拉勾网,,https://www.lagou.com/jobs/3521096.html
北京,昌平区,"移动互联网,金融",北京金科梦科技有限公司,,,昌平区,9,不限,不限,软件工程师/运维,2k-4k,北京金科梦科技有限公司,北京金科梦科技有限公司,2018-11-08 09:11:13,,,,,拉勾网,,https://www.lagou.com/jobs/5152676.html
北京,朝阳区,金融,深圳市赢时胜信息技术股份有限公司,,,朝阳区,9,本科,应届毕业生,软件实施/运维实习生,3k-4k,赢时胜软件,赢时胜软件,2018-11-08 10:10:39,,,,,拉勾网,,https://www.lagou.com/jobs/5180951.html
北京,朝阳区,"移动互联网,O2O",北京互连众信科技有限公司,,,朝阳区,9,本科,应届毕业生,IT运维实习生,2k-4k,资产360,资产360,2018-11-08 11:13:49,,,,,拉勾网,,https://www.lagou.com/jobs/5277438.html
北京,朝阳区,"移动互联网,硬件",北京猎户星空科技有限公司,,,朝阳区,9,不限,不限,运维实习生,2k-4k,猎户星空,猎户星空,2018-11-05 15:21:54,,,,,拉勾网,,https://www.lagou.com/jobs/4938165.html
北京,海淀区,"移动互联网,数据服务",北京字节跳动科技有限公司,,,海淀区,9,本科,不限,运维平台开发实习生-内容,2k-4k,字节跳动,字节跳动,2018-11-08 15:30:56,,,,,拉勾网,,https://www.lagou.com/jobs/5119787.html
北京,海淀区,"移动互联网,企业服务",怡和祥云（北京）科技有限公司,,,海淀区,9,本科,1年以下,运维工程师,4k-6k,怡和祥云,怡和祥云,2018-10-15 14:34:55,,,,,拉勾网,,https://www.lagou.com/jobs/5218446.html
北京,朝阳区,移动互联网,北京图森智途科技有限公司,,,朝阳区,9,本科,应届毕业生,自动化运维实习生,8k-12k,图森未来,图森未来,2018-11-05 19:53:40,,,,,拉勾网,,https://www.lagou.com/jobs/4922859.html
北京,朝阳区,"数据服务,企业服务",光环有云（北京）网络服务有限公司,,,朝阳区,9,本科,应届毕业生,实习运维工程师,2k-4k,光环有云,光环有云,2018-11-05 12:13:29,,,,,拉勾网,,https://www.lagou.com/jobs/3226113.html
北京,朝阳区,移动互联网,广州汇量信息科技有限公司,,,朝阳区,9,本科,应届毕业生,桌面运维实习生,2k-3k,Mobvista,Mobvista,2018-11-07 10:30:32,,,,,拉勾网,,https://www.lagou.com/jobs/5058891.html
北京,海淀区,其他,北京易凯联讯科技有限责任公司,,,海淀区,9,大专,应届毕业生,运维实习生,3k-4k,北京易凯联讯,北京易凯联讯,2018-11-06 09:49:59,,,,,拉勾网,,https://www.lagou.com/jobs/5132719.html
北京,海淀区,教育,上海心意答融讯电子股份有限公司北京分公司,,,海淀区,9,本科,应届毕业生,运维工程师,3k-6k,心意答北京研发中心,心意答北京研发中心,2018-11-02 09:57:38,,,,,拉勾网,,https://www.lagou.com/jobs/2013110.html
北京,海淀区,移动互联网,北京首都在线科技股份有限公司,,,海淀区,9,本科,应届毕业生,网络运维实习生（可转正）,3k-4k,CDS,CDS,2018-11-07 09:28:39,,,,,拉勾网,,https://www.lagou.com/jobs/3947738.html
北京,丰台区,"电子商务,金融",国网汇通金财（北京）信息科技有限公司,,,丰台区,9,本科,应届毕业生,运维实习生,2k-4k,国家电网全资子公司北京汇通金财,国家电网全资子公司北京汇通金财,2018-11-02 16:48:25,,,,,拉勾网,,https://www.lagou.com/jobs/3199656.html
北京,朝阳区,"企业服务,硬件",煦实信息科技（上海）有限公司北京分公司,,,朝阳区,9,大专,应届毕业生,helpdesk技术支持/桌面运维-实习生,2k-3k,USTBJ,USTBJ,2018-11-08 13:48:05,,,,,拉勾网,,https://www.lagou.com/jobs/4758110.html
北京,海淀区,文化娱乐,新浪网技术（中国）有限公司,,,海淀区,5,本科,应届毕业生,研发工程师-PHP实习生,2k-4k,新浪网,新浪网,2018-11-05 09:24:46,,,,,拉勾网,,https://www.lagou.com/jobs/4316352.html
北京,海淀区,"广告营销,文化娱乐",北京奇艺世纪科技有限公司,,,海淀区,5,本科,应届毕业生,PHP开发实习生,2k-4k,爱奇艺,爱奇艺,2018-11-08 17:41:43,,,,,拉勾网,,https://www.lagou.com/jobs/5114634.html
北京,朝阳区,电子商务,北京乐呵互动信息技术有限公司,,,朝阳区,5,本科,应届毕业生,PHP开发 实习生,2k-4k,HIGO,HIGO,2018-11-08 09:30:08,,,,,拉勾网,,https://www.lagou.com/jobs/3262156.html
北京,海淀区,"移动互联网,电子商务",北京一人一亩田网络科技有限公司,,,海淀区,5,本科,应届毕业生,php实习生,9k-18k,一亩田,一亩田,2018-11-05 10:40:41,,,,,拉勾网,,https://www.lagou.com/jobs/4263965.html
北京,朝阳区,移动互联网,北京九识佳科技有限公司,,,朝阳区,5,本科,应届毕业生,实习PHP,4k-8k,小肚皮App,小肚皮App,2018-11-08 09:51:34,,,,,拉勾网,,https://www.lagou.com/jobs/3155855.html
北京,海淀区,"移动互联网,数据服务",北京金山云网络技术有限公司,,,海淀区,5,本科,应届毕业生,PHP开发实习生,3k-5k,金山云,金山云,2018-11-08 09:25:27,,,,,拉勾网,,https://www.lagou.com/jobs/3899267.html
北京,海淀区,"移动互联网,教育",环球优学（北京）教育咨询有限公司,,,海淀区,5,本科,应届毕业生,PHP开发工程师（应届生）,10k-20k,环球优学教育集团,环球优学教育集团,2018-11-07 13:40:11,,,,,拉勾网,,https://www.lagou.com/jobs/2814160.html
北京,海淀区,"移动互联网,教育",赛尔互联（北京）教育科技有限公司,,,海淀区,5,大专,应届毕业生,PHP开发实习生（技术部）,2k-3k,赛尔互联,赛尔互联,2018-11-01 09:33:32,,,,,拉勾网,,https://www.lagou.com/jobs/5092214.html
北京,海淀区,"移动互联网,游戏",乐糖光年(北京)科技有限公司,,,海淀区,5,本科,应届毕业生,PHP开发实习生,3k-5k,乐糖光年,乐糖光年,2018-11-08 16:32:17,,,,,拉勾网,,https://www.lagou.com/jobs/3328723.html
北京,东城区,"移动互联网,社交网络",北京豆果信息技术有限公司,,,东城区,5,本科,不限,PHP开发实习生,5k-8k,豆果美食,豆果美食,2018-11-07 11:05:45,,,,,拉勾网,,https://www.lagou.com/jobs/3431441.html
北京,朝阳区,移动互联网,魔秀科技（北京）股份有限公司,,,朝阳区,5,本科,不限,PHP实习生,3k-5k,魔秀科技,魔秀科技,2018-11-08 10:23:22,,,,,拉勾网,,https://www.lagou.com/jobs/5223463.html
北京,海淀区,"移动互联网,数据服务",百度在线网络技术（北京）有限公司,,,海淀区,5,本科,应届毕业生,① PHP研发实习生,3k-6k,百度,百度,2018-11-06 11:56:21,,,,,拉勾网,,https://www.lagou.com/jobs/5209462.html
北京,海淀区,"移动互联网,O2O",北京斗米优聘科技发展有限公司,,,海淀区,5,大专,3-5年,高级PHP研发工程师,18k-35k,斗米,斗米,2018-10-26 14:11:06,,,,,拉勾网,,https://www.lagou.com/jobs/5081669.html
北京,朝阳区,"移动互联网,文化娱乐",北京玩在一起科技有限公司,,,朝阳区,5,本科,不限,PHP开发实习生,3k-4k,玩加电竞,玩加电竞,2018-11-07 20:06:31,,,,,拉勾网,,https://www.lagou.com/jobs/4850899.html
北京,海淀区,移动互联网,北京小度互娱科技有限公司,,,海淀区,5,本科,不限,PHP 开发实习生,3k-4k,百度视频,百度视频,2018-11-08 12:33:52,,,,,拉勾网,,https://www.lagou.com/jobs/4169979.html
北京,海淀区,"金融,数据服务",百融金融信息服务股份有限公司,,,海淀区,1,本科,应届毕业生,JAVA研发工程师,16k-20k,百融金服,百融金服,2018-10-30 17:32:45,,,,,拉勾网,,https://www.lagou.com/jobs/5031215.html
北京,昌平区,电子商务 移动互联网,北京海融创科技有限公司,,,昌平区,1,不限,应届毕业生,Java开发工程师,2k-4k,北京海融创科技有限公司,北京海融创科技有限公司,2018-11-06 17:49:26,,,,,拉勾网,,https://www.lagou.com/jobs/5177547.html
北京,海淀区,数据服务,精硕科技（北京）股份有限公司,,,海淀区,1,本科,应届毕业生,Java开发工程师-北京校招,5k-8k,AdMaster,AdMaster,2018-11-08 11:24:18,,,,,拉勾网,,https://www.lagou.com/jobs/5232024.html
北京,朝阳区,金融,深圳市赢时胜信息技术股份有限公司,,,朝阳区,1,本科,应届毕业生,JAVA开发实习生,3k-4k,赢时胜软件,赢时胜软件,2018-11-08 10:10:38,,,,,拉勾网,,https://www.lagou.com/jobs/5180975.html
北京,海淀区,"移动互联网,数据服务",北京安捷智合科技有限公司,,,海淀区,1,本科,应届毕业生,java开发工程师（实习生）,4k-7k,龙猫数据,龙猫数据,2018-11-08 11:33:21,,,,,拉勾网,,https://www.lagou.com/jobs/4421319.html
北京,大兴区,"移动互联网,金融",北京蔚来无限科技有限公司,,,大兴区,1,本科,不限,java开发,3k-5k,蔚来科技,蔚来科技,2018-11-07 14:45:31,,,,,拉勾网,,https://www.lagou.com/jobs/4953424.html
北京,朝阳区,"数据服务,信息安全",威讯柏睿数据科技（北京）有限公司,,,朝阳区,1,本科,应届毕业生,Java开发实习生（北京）,3k-6k,柏睿数据,柏睿数据,2018-11-06 10:13:17,,,,,拉勾网,,https://www.lagou.com/jobs/5024266.html
北京,东城区,移动互联网,彪洋科技（北京）有限公司,,,东城区,1,本科,1年以下,Java实习生,4k-5k,彪洋科技,彪洋科技,2018-10-26 16:00:55,,,,,拉勾网,,https://www.lagou.com/jobs/5175881.html
北京,朝阳区,"企业服务,数据服务",蔷薇控股股份有限公司,,,朝阳区,1,本科,应届毕业生,Java实习生,3k-5k,蔷薇控股,蔷薇控股,2018-11-06 17:35:41,,,,,拉勾网,,https://www.lagou.com/jobs/4004349.html
北京,朝阳区,"移动互联网,金融",北京闪银奇异科技有限公司,,,朝阳区,1,本科,应届毕业生,java开发（19年应届）,8k-16k,闪银奇异,闪银奇异,2018-11-02 11:55:16,,,,,拉勾网,,https://www.lagou.com/jobs/5048964.html
北京,朝阳区,"移动互联网,O2O",杭州大搜车汽车服务有限公司,,,朝阳区,1,本科,应届毕业生,Java研发实习生（北京）07-03-08,3k-5k,大搜车,大搜车,2018-11-07 09:55:06,,,,,拉勾网,,https://www.lagou.com/jobs/5000926.html
北京,海淀区,"企业服务,数据服务",北京共致开源信息科技有限公司,,,海淀区,1,本科,应届毕业生,Java开发工程师实习生,4k-8k,共致开源,共致开源,2018-11-07 15:43:32,,,,,拉勾网,,https://www.lagou.com/jobs/4898532.html
北京,海淀区,游戏,北京光宇在线科技有限责任公司,,,海淀区,1,本科,应届毕业生,Java开发工程师（运维）,7k-10k,光宇游戏,光宇游戏,2018-11-06 10:35:02,,,,,拉勾网,,https://www.lagou.com/jobs/4854755.html
北京,朝阳区,"移动互联网 ,文化娱乐",北京太合娱乐文化发展股份有限公司,,,朝阳区,1,本科,应届毕业生,JAVA开发实习生（推影平台）,2k-3k,太合娱乐,太合娱乐,2018-11-08 17:29:25,,,,,拉勾网,,https://www.lagou.com/jobs/5060783.html
北京,海淀区,移动互联网,百度时代网络技术(北京)有限公司,,,海淀区,1,本科,应届毕业生,java开发工程师（20年毕业实习岗）,3k-6k,百度,百度,2018-11-07 16:42:08,,,,,拉勾网,,https://www.lagou.com/jobs/5167410.html
北京,海淀区,"医疗健康,硬件",颐邦（北京）医院管理有限公司,,,海淀区,4,本科,应届毕业生,python研发实习生,4k-8k,颐邦科技,颐邦科技,2018-11-05 15:50:24,,,,,拉勾网,,https://www.lagou.com/jobs/5285280.html
北京,朝阳区,"移动互联网,教育",北京粉笔未来科技有限公司,,,朝阳区,4,本科,1年以下,python助教实习生,4k-6k,猿辅导,猿辅导,2018-11-05 14:33:52,,,,,拉勾网,,https://www.lagou.com/jobs/4889178.html
北京,朝阳区,"移动互联网,金融",北京格上添富科技发展有限公司,,,朝阳区,4,本科,不限,Python实习生,6k-12k,格上添富,格上添富,2018-10-29 17:18:28,,,,,拉勾网,,https://www.lagou.com/jobs/2653020.html
北京,海淀区,移动互联网,五洲万象（北京）科技有限公司,,,海淀区,4,硕士,应届毕业生,Python开发实习生,7k-8k,Baca,Baca,2018-10-11 18:19:22,,,,,拉勾网,,https://www.lagou.com/jobs/4918473.html
北京,朝阳区,"电子商务,数据服务",北京京东世纪贸易有限公司,,,朝阳区,4,本科,不限,软件开发实习生（Python 全栈）,6k-8k,京东集团,京东集团,2018-11-08 17:36:45,,,,,拉勾网,,https://www.lagou.com/jobs/5307134.html
北京,朝阳区,"医疗健康,硬件",西门子（中国）有限公司,,,朝阳区,4,硕士,应届毕业生,Python Web 软件开发实习生,2k-4k,西门子（中国）,西门子（中国）,2018-11-02 09:53:23,,,,,拉勾网,,https://www.lagou.com/jobs/3808691.html
北京,海淀区,数据服务,北京智慧星光信息技术有限公司,,,海淀区,4,本科,应届毕业生,Python爬虫实习生,4k-8k,智慧星光,智慧星光,2018-11-07 16:43:02,,,,,拉勾网,,https://www.lagou.com/jobs/5271893.html
北京,海淀区,教育,小立教育科技（北京）有限公司,,,海淀区,4,本科,应届毕业生,算法开发实习生（Python方向）,6k-10k,小立教育,小立教育,2018-10-12 16:04:23,,,,,拉勾网,,https://www.lagou.com/jobs/4387043.html
北京,海淀区,移动互联网,北京农信互联科技有限公司,,,海淀区,4,本科,应届毕业生,实习生/应届生（研发/产品/运营/金融方向）,2k-4k,农信互联,农信互联,2018-11-08 10:01:43,,,,,拉勾网,,https://www.lagou.com/jobs/4399005.html
北京,朝阳区,"企业服务,数据服务",蔷薇控股股份有限公司,,,朝阳区,4,本科,应届毕业生,Go开发实习岗,3k-5k,蔷薇控股,蔷薇控股,2018-11-06 17:10:37,,,,,拉勾网,,https://www.lagou.com/jobs/4095286.html
北京,海淀区,"移动互联网,数据服务",北京字节跳动科技有限公司,,,海淀区,4,本科,不限,搜索架构研发实习生-搜索,3k-6k,字节跳动,字节跳动,2018-11-08 15:33:33,,,,,拉勾网,,https://www.lagou.com/jobs/5120657.html
北京,海淀区,"金融,数据服务",百融金融信息服务股份有限公司,,,海淀区,4,本科,应届毕业生,研发工程师-算法方向,16k-20k,百融金服,百融金服,2018-10-30 17:32:46,,,,,拉勾网,,https://www.lagou.com/jobs/5031261.html
北京,海淀区,移动互联网,中国科学院信息工程研究所,,,海淀区,4,本科,应届毕业生,go语言物联网协议探测开发实习生,2k-3k,中科院信工所,中科院信工所,2018-11-05 09:58:41,,,,,拉勾网,,https://www.lagou.com/jobs/4676613.html
北京,朝阳区,"移动互联网,数据服务",上海七牛信息技术有限公司,,,朝阳区,4,本科,不限,后台研发工程师（2019届秋招/2020届实习）,5k-6k,七牛云,七牛云,2018-11-06 19:12:57,,,,,拉勾网,,https://www.lagou.com/jobs/5144500.html
北京,朝阳区,移动互联网,成都陌陌科技有限公司,,,朝阳区,4,本科,不限,AR产品实习生,3k-5k,陌陌科技,陌陌科技,2018-10-11 17:52:56,,,,,拉勾网,,https://www.lagou.com/jobs/5209819.html
北京,海淀区,"移动互联网,数据服务",北京字节跳动科技有限公司,,,海淀区,6,本科,不限,数据挖掘实习生,3k-6k,字节跳动,字节跳动,2018-11-07 15:43:58,,,,,拉勾网,,https://www.lagou.com/jobs/5260524.html
北京,朝阳区,"企业服务,数据服务",北京数美时代科技有限公司,,,朝阳区,6,本科,不限,数据挖掘（实习／校招）,3k-6k,数美,数美,2018-11-08 10:28:22,,,,,拉勾网,,https://www.lagou.com/jobs/4046318.html
北京,海淀区,"移动互联网,数据服务",百度在线网络技术（北京）有限公司,,,海淀区,6,本科,不限,百度_数据挖掘研发实习生,4k-8k,百度,百度,2018-11-08 15:24:35,,,,,拉勾网,,https://www.lagou.com/jobs/5264290.html
北京,海淀区,"移动互联网,数据服务",北京字节跳动科技有限公司,,,海淀区,6,本科,应届毕业生,数据挖掘实习生-核心广告系统,4k-8k,字节跳动,字节跳动,2018-11-08 15:37:21,,,,,拉勾网,,https://www.lagou.com/jobs/5122202.html
北京,海淀区,"移动互联网,数据服务",北京字节跳动科技有限公司,,,海淀区,6,本科,不限,数据挖掘实习生-人工智能实验室,6k-8k,字节跳动,字节跳动,2018-11-08 15:41:20,,,,,拉勾网,,https://www.lagou.com/jobs/5136345.html
北京,海淀区,"移动互联网,数据服务",北京字节跳动科技有限公司,,,海淀区,6,本科,不限,数据挖掘算法实习生-反作弊方向,10k-20k,字节跳动,字节跳动,2018-11-09 00:05:53,,,,,拉勾网,,https://www.lagou.com/jobs/5123511.html
北京,海淀区,"移动互联网,数据服务",北京字节跳动科技有限公司,,,海淀区,6,本科,不限,数据挖掘算法实习生-国际化,4k-6k,字节跳动,字节跳动,2018-11-08 15:32:18,,,,,拉勾网,,https://www.lagou.com/jobs/5120230.html
北京,朝阳区,"企业服务,数据服务",北京数美时代科技有限公司,,,朝阳区,6,本科,应届毕业生,数据挖掘（实习生／校招）,3k-6k,数美,数美,2018-11-08 10:28:22,,,,,拉勾网,,https://www.lagou.com/jobs/4046268.html
北京,海淀区,"移动互联网,数据服务",北京字节跳动科技有限公司,,,海淀区,7,本科,不限,Android研发实习生,7k-9k,字节跳动,字节跳动,2018-11-08 15:28:29,,,,,拉勾网,,https://www.lagou.com/jobs/3939488.html
北京,朝阳区,"移动互联网,社交网络",云智联网络科技（北京）有限公司,,,朝阳区,7,本科,不限,Android工程师实习生 (MJ000360),3k-6k,亚创,亚创,2018-11-08 11:57:26,,,,,拉勾网,,https://www.lagou.com/jobs/5235204.html
北京,昌平区,"移动互联网,教育",北京不加点科技有限公司,,,昌平区,7,本科,应届毕业生,Android 开发实习,4k-6k,北京不加点科技有限公司,北京不加点科技有限公司,2018-11-06 10:09:54,,,,,拉勾网,,https://www.lagou.com/jobs/5159806.html
北京,朝阳区,移动互联网,北京摩尔妈咪网络科技有限公司,,,朝阳区,7,本科,应届毕业生,Android开发实习生,3k-6k,摩尔妈妈,摩尔妈妈,2018-11-06 14:21:19,,,,,拉勾网,,https://www.lagou.com/jobs/5205512.html
北京,大兴区,移动互联网、金融,北京湛腾世纪科技有限公司,,,大兴区,7,本科,应届毕业生,Android开发实习生,3k-5k,北京湛腾科技,北京湛腾科技,2018-11-08 10:19:47,,,,,拉勾网,,https://www.lagou.com/jobs/4934530.html
北京,海淀区,"硬件,移动互联网",北京沃德米科技有限公司,,,海淀区,7,硕士,应届毕业生,Android开发实习生,4k-7k,沃德米科技,沃德米科技,2018-11-06 11:32:42,,,,,拉勾网,,https://www.lagou.com/jobs/5294655.html
北京,海淀区,"移动互联网,O2O",北京羽扇智信息科技有限公司,,,海淀区,7,本科,应届毕业生,Android开发实习生-北京-00733,3k-4k,出门问问,出门问问,2018-11-05 14:43:22,,,,,拉勾网,,https://www.lagou.com/jobs/5142794.html
北京,朝阳区,"电子商务,移动互联网",优舫（北京）信息科技有限公司,,,朝阳区,7,本科,应届毕业生,Android实习生,3k-4k,优信集团,优信集团,2018-11-08 16:57:45,,,,,拉勾网,,https://www.lagou.com/jobs/5297368.html
北京,海淀区,"移动互联网,数据服务",百度在线网络技术（北京）有限公司,,,海淀区,7,本科,应届毕业生,ios/Android实习生,3k-6k,百度,百度,2018-11-02 12:44:48,,,,,拉勾网,,https://www.lagou.com/jobs/4905513.html
北京,海淀区,"移动互联网,教育",北京天天乐学教育科技有限公司,,,海淀区,7,本科,应届毕业生,[实习]Android开发工程师,4k-6k,天天乐学,天天乐学,2018-11-02 16:13:25,,,,,拉勾网,,https://www.lagou.com/jobs/4195163.html
北京,朝阳区,"医疗健康,硬件",西门子（中国）有限公司,,,朝阳区,7,本科,应届毕业生,Android 软件开发实习生,3k-4k,西门子（中国）,西门子（中国）,2018-11-02 09:36:20,,,,,拉勾网,,https://www.lagou.com/jobs/3472809.html
北京,朝阳区,金融,界面（上海）网络科技有限公司,,,朝阳区,7,本科,应届毕业生,Android实习生,4k-5k,界面,界面,2018-10-13 20:30:52,,,,,拉勾网,,https://www.lagou.com/jobs/4056745.html
北京,朝阳区,"人工智能,移动互联网",北京猫起来科技有限公司,,,朝阳区,7,不限,不限,android实习,4k-8k,猫起来科技,猫起来科技,2018-10-24 17:40:45,,,,,拉勾网,,https://www.lagou.com/jobs/5255130.html
北京,海淀区,数据服务,中国科学院自动化研究所,,,海淀区,7,本科,应届毕业生,Android开发实习生,6k-7k,中科院自动化所,中科院自动化所,2018-11-01 12:54:29,,,,,拉勾网,,https://www.lagou.com/jobs/5087326.html
北京,朝阳区,"移动互联网,电子商务",英斯特哈博（北京）科技有限公司,,,朝阳区,7,本科,应届毕业生,Android开发实习生,4k-8k,英斯特哈博（北京）科技有限公司,英斯特哈博（北京）科技有限公司,2018-10-16 13:39:51,,,,,拉勾网,,https://www.lagou.com/jobs/1311602.html
北京,朝阳区,社交网络,北京陌陌科技有限公司,,,朝阳区,8,本科,不限,Android/iOS开发实习生,4k-7k,陌陌,陌陌,2018-11-07 10:55:51,,,,,拉勾网,,https://www.lagou.com/jobs/4865932.html
北京,海淀区,"移动互联网,数据服务",北京字节跳动科技有限公司,,,海淀区,8,本科,不限,iOS研发实习生,8k-10k,字节跳动,字节跳动,2018-11-08 15:27:57,,,,,拉勾网,,https://www.lagou.com/jobs/3802068.html
北京,海淀区,"硬件,移动互联网",北京沃德米科技有限公司,,,海淀区,8,硕士,应届毕业生,IOS开发实习生,4k-7k,沃德米科技,沃德米科技,2018-10-30 14:17:54,,,,,拉勾网,,https://www.lagou.com/jobs/4605238.html
北京,海淀区,移动互联网,北京冠东宏亮网络科技有限公司,,,海淀区,8,本科,应届毕业生,iOS开发实习生,2k-4k,北京冠东宏亮网络科技有限公司,北京冠东宏亮网络科技有限公司,2018-10-26 17:58:19,,,,,拉勾网,,https://www.lagou.com/jobs/5264433.html
北京,昌平区,"移动互联网,教育",北京不加点科技有限公司,,,昌平区,8,本科,应届毕业生,ios实习,4k-6k,北京不加点科技有限公司,北京不加点科技有限公司,2018-11-08 10:02:38,,,,,拉勾网,,https://www.lagou.com/jobs/5159791.html
北京,朝阳区,"医疗健康,数据服务",北京法伯宏业科技发展有限公司,,,朝阳区,8,本科,应届毕业生,IOS软件开发实习生,5k-7k,法伯宏业,法伯宏业,2018-11-07 16:06:36,,,,,拉勾网,,https://www.lagou.com/jobs/5254950.html
北京,海淀区,"移动互联网,游戏",乐糖光年(北京)科技有限公司,,,海淀区,8,不限,应届毕业生,ios实习生,3k-5k,乐糖光年,乐糖光年,2018-11-08 16:32:16,,,,,拉勾网,,https://www.lagou.com/jobs/2848638.html
北京,东城区,"社交网络,文化娱乐",北京卡路里科技有限公司,,,东城区,8,本科,不限,iOS实习生,4k-8k,Keep,Keep,2018-10-31 10:21:00,,,,,拉勾网,,https://www.lagou.com/jobs/4801056.html
北京,海淀区,"移动互联网,教育",北京起跑线移动科技有限公司,,,海淀区,8,本科,不限,iOS软件工程师(实习生),2k-4k,起跑线移动科技,起跑线移动科技,2018-11-08 10:53:21,,,,,拉勾网,,https://www.lagou.com/jobs/2453012.html
北京,朝阳区,"人工智能,移动互联网",北京猫起来科技有限公司,,,朝阳区,8,不限,不限,iOS实习生,4k-8k,猫起来科技,猫起来科技,2018-10-24 17:43:16,,,,,拉勾网,,https://www.lagou.com/jobs/5255154.html
北京,朝阳区,企业服务,企家有道网络技术（北京）有限公司,,,朝阳区,8,本科,1年以下,iOS开发实习生,2k-4k,薪人薪事,薪人薪事,2018-11-06 09:52:23,,,,,拉勾网,,https://www.lagou.com/jobs/5135569.html
北京,海淀区,"移动互联网,数据服务",百度在线网络技术（北京）有限公司,,,海淀区,8,本科,应届毕业生,② iOS/Android开发实习生,3k-6k,百度,百度,2018-11-06 11:56:21,,,,,拉勾网,,https://www.lagou.com/jobs/5209476.html
北京,朝阳区,"移动互联网,金融",人人行科技有限公司,,,朝阳区,8,本科,应届毕业生,iOS客户端开发实习生,4k-6k,人人行(借贷宝),人人行(借贷宝),2018-10-25 14:31:47,,,,,拉勾网,,https://www.lagou.com/jobs/5170684.html
北京,朝阳区,移动互联网,北京琥珀创想科技有限公司,,,朝阳区,8,本科,应届毕业生,iOS开发实习生,3k-4k,琥珀天气,琥珀天气,2018-11-08 10:56:50,,,,,拉勾网,,https://www.lagou.com/jobs/4940503.html
北京,海淀区,"移动互联网,广告营销",北京搜狐新媒体信息技术有限公司,,,海淀区,8,本科,应届毕业生,iOS实习生,2k-4k,搜狐集团,搜狐集团,2018-10-29 09:37:47,,,,,拉勾网,,https://www.lagou.com/jobs/4600639.html
北京,海淀区,"移动互联网,数据服务",北京字节跳动科技有限公司,,,海淀区,10,本科,不限,测试实习生,5k-10k,字节跳动,字节跳动,2018-11-09 00:05:48,,,,,拉勾网,,https://www.lagou.com/jobs/5132699.html
北京,海淀区,"金融,数据服务",百融金融信息服务股份有限公司,,,海淀区,10,本科,应届毕业生,测试开发工程师,10k-20k,百融金服,百融金服,2018-10-30 17:32:45,,,,,拉勾网,,https://www.lagou.com/jobs/5031176.html
北京,朝阳区,"移动互联网,企业服务",维我软件（上海）有限公司北京分公司,,,朝阳区,10,本科,不限,测试实习生,4k-5k,Veeva,Veeva,2018-11-08 11:21:45,,,,,拉勾网,,https://www.lagou.com/jobs/4627211.html
北京,海淀区,"移动互联网,硬件",北京旷视科技有限公司,,,海淀区,10,本科,1年以下,测试开发实习生,2k-3k,Face++,Face++,2018-11-07 18:20:09,,,,,拉勾网,,https://www.lagou.com/jobs/4855250.html
北京,海淀区,"移动互联网,教育",北京世纪好未来教育科技有限公司,,,海淀区,10,不限,应届毕业生,测试部-双师测试实习生,4k-6k,好未来,好未来,2018-11-08 17:01:21,,,,,拉勾网,,https://www.lagou.com/jobs/5263638.html
北京,海淀区,"移动互联网,教育",小船出海教育科技（北京）有限公司,,,海淀区,10,本科,不限,测试开发实习生（非应届生）,5k-8k,作业帮,作业帮,2018-10-27 18:12:23,,,,,拉勾网,,https://www.lagou.com/jobs/4130129.html
北京,朝阳区,"移动互联网,硬件",上海蔚来汽车有限公司,,,朝阳区,10,本科,应届毕业生,测试开发实习生,5k-6k,NIO蔚来,NIO蔚来,2018-11-01 16:39:56,,,,,拉勾网,,https://www.lagou.com/jobs/5006577.html
北京,朝阳区,"移动互联网,社交网络",云智联网络科技（北京）有限公司,,,朝阳区,10,本科,不限,测试实习生 (MJ000340),2k-4k,亚创,亚创,2018-11-08 11:57:28,,,,,拉勾网,,https://www.lagou.com/jobs/5155124.html
北京,朝阳区,移动互联网,北京太合音乐文化发展有限公司,,,朝阳区,10,不限,应届毕业生,测试实习生,2k-3k,太合音乐（百度音乐）,太合音乐（百度音乐）,2018-10-30 18:55:33,,,,,拉勾网,,https://www.lagou.com/jobs/5056169.html
北京,海淀区,文化娱乐,新浪网技术（中国）有限公司,,,海淀区,10,本科,应届毕业生,测试实习生(新浪博客),2k-3k,新浪网,新浪网,2018-11-05 10:12:10,,,,,拉勾网,,https://www.lagou.com/jobs/4132904.html
北京,丰台区,移动互联网、金融,北京湛腾世纪科技有限公司,,,丰台区,10,本科,应届毕业生,测试工程师,3K-5K,北京湛腾科技,北京湛腾科技,2018-11-06 09:21:57,,,,,拉勾网,,https://www.lagou.com/jobs/4253006.html
北京,海淀区,"移动互联网,数据服务",北京安捷智合科技有限公司,,,海淀区,10,本科,应届毕业生,测试工程师（实习生）,3k-4k,龙猫数据,龙猫数据,2018-11-08 11:33:15,,,,,拉勾网,,https://www.lagou.com/jobs/4658895.html
北京,朝阳区,"移动互联网,O2O",北京自如友家资产管理有限公司,,,朝阳区,10,本科,应届毕业生,测试实习生,3k-4k,自如网,自如网,2018-11-07 11:26:54,,,,,拉勾网,,https://www.lagou.com/jobs/5283087.html
北京,朝阳区,"生活服务,电子商务",行吟信息科技（上海）有限公司,,,朝阳区,10,本科,应届毕业生,测试实习生（校招）,3k-6k,小红书,小红书,2018-10-31 21:29:44,,,,,拉勾网,,https://www.lagou.com/jobs/5085672.html
北京,朝阳区,"移动互联网 ,文化娱乐",北京太合娱乐文化发展股份有限公司,,,朝阳区,10,本科,应届毕业生,测试实习生,2k-3k,太合娱乐,太合娱乐,2018-11-06 16:05:10,,,,,拉勾网,,https://www.lagou.com/jobs/5060830.html
北京,海淀区,信息安全,北京神州绿盟信息安全科技股份有限公司,,,海淀区,3,本科,不限,web研发实习生（UCD）,2k-4k,绿盟科技,绿盟科技,2018-11-05 11:01:52,,,,,拉勾网,,https://www.lagou.com/jobs/5289578.html
北京,东城区,移动互联网,北京安亿致用科技有限公司,,,东城区,3,本科,应届毕业生,Web Quality Intern,3k-4k,AppAnnie,AppAnnie,2018-11-05 11:13:56,,,,,拉勾网,,https://www.lagou.com/jobs/4731399.html
北京,,"移动互联网,数据服务",北京字节跳动科技有限公司,,,,3,本科,不限,Web前端开发实习生,6k-7k,字节跳动,字节跳动,2018-11-08 18:21:05,,,,,拉勾网,,https://www.lagou.com/jobs/4870312.html
北京,海淀区,"移动互联网,数据服务",百度在线网络技术（北京）有限公司,,,海淀区,3,本科,不限,百度_Web前端研发实习生,4k-8k,百度,百度,2018-11-08 15:24:35,,,,,拉勾网,,https://www.lagou.com/jobs/5264321.html
北京,海淀区,其他,中国农业科学院农业信息研究所,,,海淀区,3,本科,应届毕业生,WEB前端开发实习生,3k-5k,农科院信息所,农科院信息所,2018-10-29 17:08:02,,,,,拉勾网,,https://www.lagou.com/jobs/5269298.html
北京,朝阳区,金融,深圳市赢时胜信息技术股份有限公司,,,朝阳区,3,本科,应届毕业生,WEB前端开发实习生,3k-4k,赢时胜软件,赢时胜软件,2018-11-08 10:10:39,,,,,拉勾网,,https://www.lagou.com/jobs/5180940.html
北京,海淀区,"医疗健康,硬件",颐邦（北京）医院管理有限公司,,,海淀区,3,本科,应届毕业生,Web前端开发实习生,4k-8k,颐邦科技,颐邦科技,2018-11-05 15:50:23,,,,,拉勾网,,https://www.lagou.com/jobs/5285291.html
北京,海淀区,电子商务,世纪禾光科技发展（北京）有限公司,,,海淀区,3,本科,不限,Web前端实习生,2k-3k,敦煌网,敦煌网,2018-11-08 16:18:54,,,,,拉勾网,,https://www.lagou.com/jobs/5275507.html
北京,海淀区,移动互联网,北京天学网教育科技股份有限公司,,,海淀区,3,本科,应届毕业生,web前端工程师,6k-12k,天学网,天学网,2018-11-06 09:47:58,,,,,拉勾网,,https://www.lagou.com/jobs/5168083.html
北京,海淀区,"数据服务,人工智能",爱可思漫科技（北京）有限责任公司,,,海淀区,3,本科,应届毕业生,【实习】web前端开发工程师,3k-5k,爱可思漫 XMAN,爱可思漫 XMAN,2018-10-31 11:13:03,,,,,拉勾网,,https://www.lagou.com/jobs/5276217.html
北京,东城区,移动互联网,北京腾云天下科技有限公司,,,东城区,3,本科,应届毕业生,web前端实习生,3k-4k,TalkingData,TalkingData,2018-11-08 13:38:55,,,,,拉勾网,,https://www.lagou.com/jobs/1805487.html
北京,海淀区,教育,小立教育科技（北京）有限公司,,,海淀区,3,本科,应届毕业生,web前端开发实习生,6k-10k,小立教育,小立教育,2018-10-12 16:04:25,,,,,拉勾网,,https://www.lagou.com/jobs/4386940.html
北京,,"移动互联网,社交网络",北京模卡互动科技有限公司,,,,3,本科,应届毕业生,web前端实习生,2k-4k,北京模卡,北京模卡,2018-10-25 17:21:24,,,,,拉勾网,,https://www.lagou.com/jobs/1883644.html
北京,海淀区,"移动互联网,教育",北京神州智联科技有限公司,,,海淀区,3,本科,应届毕业生,web前端实习生,3k-6k,神州智联,神州智联,2018-10-31 11:05:10,,,,,拉勾网,,https://www.lagou.com/jobs/1591211.html
北京,朝阳区,移动互联网,北京奇步互动技术有限公司,,,朝阳区,3,本科,不限,web前端开发实习,4k-8k,奇步互动,奇步互动,2018-10-19 11:19:30,,,,,拉勾网,,https://www.lagou.com/jobs/381826.html
北京,朝阳区,移动互联网,北京图森智途科技有限公司,,,朝阳区,9,本科,应届毕业生,网络运维实习生,8k-12k,图森未来,图森未来,2018-11-05 19:53:41,,,,,拉勾网,,https://www.lagou.com/jobs/4922826.html
北京,昌平区,"企业服务,移动互联网",北京简媒信息科技有限公司,,,昌平区,9,大专,应届毕业生,后台运维开发工程师,2k-4k,简媒科技,简媒科技,2018-10-22 18:26:03,,,,,拉勾网,,https://www.lagou.com/jobs/5245491.html
北京,朝阳区,数据服务,北京优特捷信息技术有限公司,,,朝阳区,9,本科,应届毕业生,运维售后工程师,6k-10k,日志易,日志易,2018-11-02 11:45:07,,,,,拉勾网,,https://www.lagou.com/jobs/5208399.html
北京,顺义区,"移动互联网,企业服务",中汽远通货物运输（北京）有限公司,,,顺义区,9,大专,1年以下,it运维[实习],2k-4k,中汽运输,中汽运输,2018-10-19 09:04:44,,,,,拉勾网,,https://www.lagou.com/jobs/5235718.html
北京,海淀区,"硬件,移动互联网",北京羿娲科技有限公司,,,海淀区,9,本科,应届毕业生,机器学习运维实习生,5k-10k,羿娲科技,羿娲科技,2018-11-08 17:48:05,,,,,拉勾网,,https://www.lagou.com/jobs/4363105.html
北京,朝阳区,"移动互联网,O2O",北京互连众信科技有限公司,,,朝阳区,9,本科,应届毕业生,Linux运维实习生,2k-4k,资产360,资产360,2018-11-08 11:13:50,,,,,拉勾网,,https://www.lagou.com/jobs/5277423.html
北京,海淀区,游戏,北京光宇在线科技有限责任公司,,,海淀区,9,本科,应届毕业生,Java开发工程师（运维）,7k-10k,光宇游戏,光宇游戏,2018-11-06 10:35:02,,,,,拉勾网,,https://www.lagou.com/jobs/4854755.html
北京,朝阳区,移动互联网,北京九识佳科技有限公司,,,朝阳区,5,本科,应届毕业生,实习JAVA/PHP开发,4k-8k,小肚皮App,小肚皮App,2018-11-08 09:51:34,,,,,拉勾网,,https://www.lagou.com/jobs/3155873.html
北京,海淀区,移动互联网,微梦创科网络科技（中国）有限公司,,,海淀区,5,本科,应届毕业生,PHP研发实习生,3k-6k,新浪微博,新浪微博,2018-11-06 10:22:14,,,,,拉勾网,,https://www.lagou.com/jobs/4741875.html
北京,海淀区,社交网络,北京蓝果网络技术有限公司,,,海淀区,5,本科,应届毕业生,PHP开发实习生,3k-6k,蓝果网络,蓝果网络,2018-11-05 15:39:17,,,,,拉勾网,,https://www.lagou.com/jobs/5063237.html
北京,朝阳区,移动互联网,凤凰飞扬（北京）新媒体信息技术有限公司,,,朝阳区,5,本科,不限,PHP后端工程师,10k-20k,凤凰网,凤凰网,2018-11-08 09:55:34,,,,,拉勾网,,https://www.lagou.com/jobs/5102795.html
北京,海淀区,"移动互联网,企业服务",北京合力云通科技有限公司,,,海淀区,5,本科,不限,PHP开发工程师 -- 实习或兼职,3k-6k,合力云通,合力云通,2018-11-02 22:48:30,,,,,拉勾网,,https://www.lagou.com/jobs/688486.html
北京,朝阳区,移动互联网,北京云测网络科技有限公司,,,朝阳区,5,本科,应届毕业生,PHP实习生,3k-6k,Testin云测,Testin云测,2018-10-25 01:01:46,,,,,拉勾网,,https://www.lagou.com/jobs/5159714.html
北京,,"移动互联网,企业服务",北京瀚世科技有限公司,,,,5,不限,不限,PHP后端实习或全职,1k-2k,瀚世科技,瀚世科技,2018-11-08 14:54:47,,,,,拉勾网,,https://www.lagou.com/jobs/1850440.html
北京,东城区,"移动互联网,文化娱乐",北京新片场传媒股份有限公司,,,东城区,5,本科,不限,PHP开发实习生,3k-5k,新片场,新片场,2018-10-12 18:50:06,,,,,拉勾网,,https://www.lagou.com/jobs/1742413.html
北京,朝阳区,移动互联网,北京有鱼科技有限公司,,,朝阳区,5,本科,应届毕业生,PHP开发实习生,3k-5k,北京有鱼科技,北京有鱼科技,2018-10-22 15:08:52,,,,,拉勾网,,https://www.lagou.com/jobs/5209302.html
北京,朝阳区,"移动互联网,社交网络",北京阿卡信信息技术有限公司,,,朝阳区,5,本科,应届毕业生,PHP实习,4k-5k,Akaxin,Akaxin,2018-10-29 13:01:54,,,,,拉勾网,,https://www.lagou.com/jobs/5242558.html
北京,海淀区,金融,北京快快网络技术有限公司,,,海淀区,5,本科,应届毕业生,PHP开发实习生,3k-4k,真融宝,真融宝,2018-11-01 18:00:30,,,,,拉勾网,,https://www.lagou.com/jobs/4960088.html
北京,朝阳区,金融,大特保商务信息咨询（上海）有限公司,,,朝阳区,5,本科,应届毕业生,PHP实习,3k-4k,大特保,大特保,2018-11-06 15:07:14,,,,,拉勾网,,https://www.lagou.com/jobs/2982720.html
北京,海淀区,"移动互联网,电子商务",北京怡美利康科技有限公司,,,海淀区,5,本科,不限,实习PHP工程师,3k-4k,App、微信、HTML5开发,App、微信、HTML5开发,2018-10-24 10:40:48,,,,,拉勾网,,https://www.lagou.com/jobs/1738000.html
北京,朝阳区,移动互联网,北京云测网络科技有限公司,,,朝阳区,5,本科,应届毕业生,PHP工程师,4k-7k,Testin云测,Testin云测,2018-10-30 09:20:56,,,,,拉勾网,,https://www.lagou.com/jobs/4609208.html
北京,海淀区,移动互联网,微梦创科网络科技（中国）有限公司,,,海淀区,5,本科,应届毕业生,酷燃视频PHP实习生,2k-3k,新浪微博,新浪微博,2018-11-06 10:22:15,,,,,拉勾网,,https://www.lagou.com/jobs/5039933.html
北京,昌平区,电子商务 移动互联网,北京海融创科技有限公司,,,昌平区,1,不限,应届毕业生,Java开发工程师,3k-6k,北京海融创科技有限公司,北京海融创科技有限公司,2018-11-06 17:49:26,,,,,拉勾网,,https://www.lagou.com/jobs/5158210.html
北京,海淀区,"移动互联网,数据服务",百度在线网络技术（北京）有限公司,,,海淀区,1,本科,不限,Java实习生,3k-4k,百度,百度,2018-11-06 14:53:50,,,,,拉勾网,,https://www.lagou.com/jobs/4753258.html
北京,朝阳区,数据服务,北京智达方通科技有限公司,,,朝阳区,1,本科,应届毕业生,JAVA开发工程师（应届生）,3k-4k,智达方通,智达方通,2018-11-02 16:27:07,,,,,拉勾网,,https://www.lagou.com/jobs/5286609.html
北京,海淀区,"教育,硬件",北京哈工科教机器人科技有限公司,,,海淀区,1,不限,不限,java开发工程师,3k-6k,哈工科教,哈工科教,2018-11-06 18:42:42,,,,,拉勾网,,https://www.lagou.com/jobs/4077524.html
北京,朝阳区,"移动互联网,O2O",北京三快在线科技有限公司,,,朝阳区,1,本科,应届毕业生,【实习】 java开发实习生,4k-5k,美团点评,美团点评,2018-11-08 10:56:41,,,,,拉勾网,,https://www.lagou.com/jobs/5154648.html
北京,海淀区,"移动互联网,企业服务",汇联信通科技（北京）有限公司,,,海淀区,1,本科,不限,Java开发工程师（实习）,3k-5k,汇联信通,汇联信通,2018-10-27 21:15:59,,,,,拉勾网,,https://www.lagou.com/jobs/688437.html
北京,东城区,"金融,企业服务",北京未名湖畔科技咨询顾问有限公司,,,东城区,1,本科,应届毕业生,java开发实习生,2k-4k,咨询范,咨询范,2018-10-26 13:45:36,,,,,拉勾网,,https://www.lagou.com/jobs/5262600.html
北京,东城区,"企业服务,数据服务",文睿创新信息科技（北京）有限公司,,,东城区,1,本科,应届毕业生,Java实习生,3k-5k,Meginfo,Meginfo,2018-11-08 13:27:06,,,,,拉勾网,,https://www.lagou.com/jobs/3641943.html
北京,丰台区,"O2O,数据服务",北京金科汇智科技有限公司,,,丰台区,1,本科,应届毕业生,Java WEB程序员,3K-6K,金科汇智,金科汇智,2018-11-06 13:48:52,,,,,拉勾网,,https://www.lagou.com/jobs/1716541.html
北京,海淀区,"金融,数据服务",百融金融信息服务股份有限公司,,,海淀区,1,本科,应届毕业生,金融风险工程师（Java）,10k-20k,百融金服,百融金服,2018-10-30 17:32:43,,,,,拉勾网,,https://www.lagou.com/jobs/5027764.html
北京,朝阳区,"移动互联网,生活服务",便利蜂商贸有限公司,,,朝阳区,1,本科,不限,Java开发实习生(J11240),4k-6k,便利蜂,便利蜂,2018-11-06 18:05:00,,,,,拉勾网,,https://www.lagou.com/jobs/4699336.html
北京,海淀区,"企业服务,其他",北京中关村创业大街科技服务有限公司,,,海淀区,1,本科,应届毕业生,java后端工程师,3k-6k,中关村创业大街,中关村创业大街,2018-11-07 16:13:37,,,,,拉勾网,,https://www.lagou.com/jobs/5301490.html
北京,东城区,"移动互联网,文化娱乐",北京猫眼文化传媒有限公司,,,东城区,1,硕士,应届毕业生,「实习生」Java开发工程师,2k-4k,猫眼电影,猫眼电影,2018-11-06 09:56:43,,,,,拉勾网,,https://www.lagou.com/jobs/5227844.html
北京,朝阳区,"移动互联网,电子商务",北京八号地信息技术有限公司,,,朝阳区,1,本科,应届毕业生,java实习生,2k-4k,八号地,八号地,2018-11-02 17:12:02,,,,,拉勾网,,https://www.lagou.com/jobs/4902743.html
北京,海淀区,企业服务,北京海置科创科技服务有限公司,,,海淀区,1,本科,应届毕业生,java后端工程师,3k-6k,海置科创,海置科创,2018-11-07 16:26:40,,,,,拉勾网,,https://www.lagou.com/jobs/5301607.html
北京,海淀区,数据服务,北京智慧星光信息技术有限公司,,,海淀区,4,本科,应届毕业生,Python爬虫实习生,4k-8k,智慧星光,智慧星光,2018-11-07 16:43:01,,,,,拉勾网,,https://www.lagou.com/jobs/5271944.html
北京,海淀区,"金融,数据服务",百融金融信息服务股份有限公司,,,海淀区,4,本科,应届毕业生,大数据开发工程师,15k-20k,百融金服,百融金服,2018-10-30 17:32:46,,,,,拉勾网,,https://www.lagou.com/jobs/5031335.html
北京,海淀区,文化娱乐,新浪网技术（中国）有限公司,,,海淀区,4,本科,应届毕业生,新浪看点技术实习生,1k-2k,新浪网,新浪网,2018-11-05 10:12:12,,,,,拉勾网,,https://www.lagou.com/jobs/4060034.html
北京,海淀区,"移动互联网,数据服务",北京字节跳动科技有限公司,,,海淀区,4,本科,不限,系统开发实习生-性能优化,2k-4k,字节跳动,字节跳动,2018-11-08 15:46:41,,,,,拉勾网,,https://www.lagou.com/jobs/5304488.html
北京,海淀区,"企业服务,医疗健康",深圳晶泰科技有限公司,,,海淀区,4,硕士,应届毕业生,算法工程实习生,3k-4k,晶泰科技,晶泰科技,2018-11-08 11:06:23,,,,,拉勾网,,https://www.lagou.com/jobs/4111421.html
北京,朝阳区,社交网络,北京陌陌科技有限公司,,,朝阳区,4,本科,不限,数据挖掘实习生,3k-4k,陌陌,陌陌,2018-11-07 10:56:05,,,,,拉勾网,,https://www.lagou.com/jobs/2765850.html
北京,海淀区,"移动互联网,教育",小船出海教育科技（北京）有限公司,,,海淀区,4,本科,应届毕业生,推荐工程实习生(J10884),6k-10k,作业帮,作业帮,2018-11-08 12:06:20,,,,,拉勾网,,https://www.lagou.com/jobs/5018063.html
北京,海淀区,数据服务,精硕科技（北京）股份有限公司,,,海淀区,4,本科,应届毕业生,大数据开发工程师（北京校招）,10k-15k,AdMaster,AdMaster,2018-10-30 14:20:10,,,,,拉勾网,,https://www.lagou.com/jobs/5227660.html
北京,朝阳区,移动互联网,广州汇量信息科技有限公司,,,朝阳区,4,本科,应届毕业生,服务端开发实习生,2k-4k,Mobvista,Mobvista,2018-11-07 11:01:33,,,,,拉勾网,,https://www.lagou.com/jobs/5290718.html
北京,朝阳区,移动互联网,乐视网信息技术（北京）股份有限公司,,,朝阳区,4,本科,应届毕业生,【2019校招】IOT助理开发工程师,10k-16k,乐融集团,乐融集团,2018-11-07 10:31:06,,,,,拉勾网,,https://www.lagou.com/jobs/5017027.html
北京,海淀区,"移动互联网,企业服务",盛和（北京）资讯科技有限公司,,,海淀区,4,硕士,应届毕业生,数据统计分析及优化算法实习生,4k-8k,盛和资讯,盛和资讯,2018-11-08 15:43:53,,,,,拉勾网,,https://www.lagou.com/jobs/4161694.html
北京,海淀区,"移动互联网,社交网络",北京智者天下科技有限公司,,,海淀区,4,本科,1年以下,容器平台开发实习生,4K-5K,知乎,知乎,2018-11-07 16:04:50,,,,,拉勾网,,https://www.lagou.com/jobs/4414750.html
北京,海淀区,信息安全,北京神州绿盟信息安全科技股份有限公司,,,海淀区,4,本科,不限,研发工程师（实习-威胁情报）,2k-4k,绿盟科技,绿盟科技,2018-11-05 10:59:37,,,,,拉勾网,,https://www.lagou.com/jobs/5068374.html
北京,海淀区,"广告营销,文化娱乐",北京奇艺世纪科技有限公司,,,海淀区,4,硕士,应届毕业生,研发实习生,3k-5k,爱奇艺,爱奇艺,2018-11-06 09:09:43,,,,,拉勾网,,https://www.lagou.com/jobs/3940997.html
北京,海淀区,"移动互联网,硬件",北京主线科技有限公司,,,海淀区,4,本科,应届毕业生,WEB前端开发工程师,3k-5k,主线科技,主线科技,2018-11-08 16:56:19,,,,,拉勾网,,https://www.lagou.com/jobs/4990926.html
北京,海淀区,"移动互联网,数据服务",北京字节跳动科技有限公司,,,海淀区,7,本科,不限,Android开发实习生,6k-10k,字节跳动,字节跳动,2018-11-08 15:26:57,,,,,拉勾网,,https://www.lagou.com/jobs/3511113.html
北京,海淀区,"移动互联网,数据服务",百度在线网络技术（北京）有限公司,,,海淀区,7,本科,应届毕业生,② iOS/Android开发实习生,3k-6k,百度,百度,2018-11-06 11:56:21,,,,,拉勾网,,https://www.lagou.com/jobs/5209476.html
北京,海淀区,"移动互联网,文化娱乐",北京时迈天鹭科技有限公司,,,海淀区,7,本科,不限,安卓开发实习生 - 区块链红利行业,3K-6K,AC新媒,AC新媒,2018-10-21 16:13:39,,,,,拉勾网,,https://www.lagou.com/jobs/4610327.html
北京,海淀区,移动互联网,北京小米科技有限责任公司,,,海淀区,7,本科,1-3年,Android高级开发工程师(安全方向),15k-30k,小米,小米,2018-10-12 11:08:40,,,,,拉勾网,,https://www.lagou.com/jobs/5092697.html
北京,海淀区,"移动互联网,数据服务",北京搜狗科技发展有限公司,,,海淀区,7,本科,应届毕业生,Android测试平台开发工程师（实习）,3k-5k,搜狗,搜狗,2018-10-15 16:49:04,,,,,拉勾网,,https://www.lagou.com/jobs/5219751.html
北京,朝阳区,"移动互联网,其他",哈曼智联科技（成都）有限公司,,,朝阳区,7,本科,应届毕业生,Android 测试,8k-15k,Symphony Teleca,Symphony Teleca,2018-10-22 11:02:53,,,,,拉勾网,,https://www.lagou.com/jobs/5114251.html
北京,海淀区,"移动互联网,数据服务",北京字节跳动科技有限公司,,,海淀区,7,本科,不限,Android开发实习生,4k-8k,字节跳动,字节跳动,2018-11-09 00:05:51,,,,,拉勾网,,https://www.lagou.com/jobs/5119564.html
北京,海淀区,"移动互联网,数据服务",北京字节跳动科技有限公司,,,海淀区,7,本科,不限,Android开发实习生-新业务,7k-9k,字节跳动,字节跳动,2018-11-08 15:45:27,,,,,拉勾网,,https://www.lagou.com/jobs/5275093.html
北京,海淀区,"移动互联网,数据服务",北京字节跳动科技有限公司,,,海淀区,7,本科,不限,android开发实习生-懂车帝,5k-9k,字节跳动,字节跳动,2018-11-08 15:44:25,,,,,拉勾网,,https://www.lagou.com/jobs/5246308.html
北京,海淀区,"移动互联网,数据服务",北京字节跳动科技有限公司,,,海淀区,7,本科,不限,Android开发实习生,8k-10k,字节跳动,字节跳动,2018-11-08 18:20:57,,,,,拉勾网,,https://www.lagou.com/jobs/5265853.html
北京,海淀区,"移动互联网,数据服务",北京字节跳动科技有限公司,,,海淀区,7,本科,不限,Android研发实习生-多媒体方向,8k-10k,字节跳动,字节跳动,2018-11-08 15:30:05,,,,,拉勾网,,https://www.lagou.com/jobs/4198253.html
北京,海淀区,"移动互联网,数据服务",北京字节跳动科技有限公司,,,海淀区,7,本科,不限,Android研发实习生,4k-8k,字节跳动,字节跳动,2018-11-08 15:29:27,,,,,拉勾网,,https://www.lagou.com/jobs/4240192.html
北京,海淀区,"移动互联网,数据服务",北京字节跳动科技有限公司,,,海淀区,7,本科,不限,Android开发实习生-IM方向,10k-12k,字节跳动,字节跳动,2018-11-08 15:28:33,,,,,拉勾网,,https://www.lagou.com/jobs/4500593.html
北京,海淀区,"移动互联网,数据服务",北京字节跳动科技有限公司,,,海淀区,7,本科,应届毕业生,Android实习生-商业变现,5k-10k,字节跳动,字节跳动,2018-11-08 15:28:00,,,,,拉勾网,,https://www.lagou.com/jobs/5119263.html
北京,海淀区,"移动互联网,数据服务",北京字节跳动科技有限公司,,,海淀区,8,本科,不限,iOS开发实习生,8k-10k,字节跳动,字节跳动,2018-11-08 11:57:35,,,,,拉勾网,,https://www.lagou.com/jobs/3511132.html
北京,海淀区,"移动互联网,游戏",乐糖光年(北京)科技有限公司,,,海淀区,8,本科,应届毕业生,iOS开发实习生,3k-4k,乐糖光年,乐糖光年,2018-11-08 16:32:17,,,,,拉勾网,,https://www.lagou.com/jobs/4291465.html
北京,大兴区,移动互联网、金融,北京湛腾世纪科技有限公司,,,大兴区,8,本科,应届毕业生,ios助理,3k-6k,北京湛腾科技,北京湛腾科技,2018-11-06 09:21:57,,,,,拉勾网,,https://www.lagou.com/jobs/3987090.html
北京,海淀区,"移动互联网,数据服务",百度在线网络技术（北京）有限公司,,,海淀区,8,本科,应届毕业生,ios/Android实习生,3k-6k,百度,百度,2018-11-02 12:44:48,,,,,拉勾网,,https://www.lagou.com/jobs/4905513.html
北京,海淀区,移动互联网,北京图知天下科技有限责任公司,,,海淀区,8,本科,应届毕业生,【实习可转正】 IOS实习生招聘,4k-7k,图知天下科技有限责任公司,图知天下科技有限责任公司,2018-11-07 15:26:25,,,,,拉勾网,,https://www.lagou.com/jobs/5252736.html
北京,海淀区,"移动互联网,数据服务",北京字节跳动科技有限公司,,,海淀区,8,本科,不限,iOS开发实习生-懂车帝,5k-9k,字节跳动,字节跳动,2018-11-08 15:44:26,,,,,拉勾网,,https://www.lagou.com/jobs/5246311.html
北京,海淀区,"移动互联网,数据服务",北京字节跳动科技有限公司,,,海淀区,8,本科,不限,iOS开发实习生,3k-6k,字节跳动,字节跳动,2018-11-09 00:05:49,,,,,拉勾网,,https://www.lagou.com/jobs/5119036.html
北京,海淀区,"移动互联网,数据服务",北京字节跳动科技有限公司,,,海淀区,8,本科,不限,iOS开发实习生-新业务,7k-9k,字节跳动,字节跳动,2018-11-08 15:43:25,,,,,拉勾网,,https://www.lagou.com/jobs/5213022.html
北京,海淀区,"移动互联网,数据服务",北京字节跳动科技有限公司,,,海淀区,8,本科,不限,iOS研发实习生,4k-8k,字节跳动,字节跳动,2018-11-08 15:29:26,,,,,拉勾网,,https://www.lagou.com/jobs/4240191.html
北京,海淀区,"移动互联网,数据服务",北京字节跳动科技有限公司,,,海淀区,8,本科,应届毕业生,iOS研发实习生-商业变现,5k-10k,字节跳动,字节跳动,2018-11-08 15:28:00,,,,,拉勾网,,https://www.lagou.com/jobs/5119262.html
北京,海淀区,"移动互联网,数据服务",北京字节跳动科技有限公司,,,海淀区,8,本科,不限,iOS开发实习生 - IM方向,10k-15k,字节跳动,字节跳动,2018-11-08 15:30:19,,,,,拉勾网,,https://www.lagou.com/jobs/4500636.html
北京,海淀区,"移动互联网,数据服务",北京字节跳动科技有限公司,,,海淀区,8,本科,不限,Android/iOS 多媒体SDK开发实习生,8k-10k,字节跳动,字节跳动,2018-11-09 00:05:50,,,,,拉勾网,,https://www.lagou.com/jobs/5121087.html
北京,海淀区,"移动互联网,数据服务",北京字节跳动科技有限公司,,,海淀区,10,本科,应届毕业生,测试实习生-核心广告系统,4k-8k,字节跳动,字节跳动,2018-11-08 15:35:06,,,,,拉勾网,,https://www.lagou.com/jobs/5121180.html
北京,海淀区,"移动互联网,硬件",北京旷视科技有限公司,,,海淀区,10,本科,应届毕业生,测试开发实习生,6k-8k,Face++,Face++,2018-11-08 10:44:24,,,,,拉勾网,,https://www.lagou.com/jobs/4946133.html
北京,朝阳区,"移动互联网,企业服务",维我软件（上海）有限公司北京分公司,,,朝阳区,10,本科,不限,软件测试实习生,3k-4k,Veeva,Veeva,2018-11-07 18:50:36,,,,,拉勾网,,https://www.lagou.com/jobs/4865726.html
北京,朝阳区,"移动互联网,O2O",北京三快在线科技有限公司,,,朝阳区,10,本科,1年以下,测试实习生,3k-5k,美团点评,美团点评,2018-11-08 09:40:54,,,,,拉勾网,,https://www.lagou.com/jobs/4744562.html
北京,朝阳区,企业服务,企家有道网络技术（北京）有限公司,,,朝阳区,10,本科,应届毕业生,测试实习生,2k-4k,薪人薪事,薪人薪事,2018-11-06 09:52:23,,,,,拉勾网,,https://www.lagou.com/jobs/3893226.html
北京,西城区,"移动互联网,企业服务",迪原创新（北京）科技有限公司南京分公司,,,西城区,10,大专,应届毕业生,软件测试实习生2019NJ,2k-3k,Dilato,Dilato,2018-11-08 13:48:25,,,,,拉勾网,,https://www.lagou.com/jobs/4949066.html
北京,海淀区,移动互联网,北京木仓科技股份有限公司,,,海淀区,10,本科,应届毕业生,测试实习生,2k-3k,木仓科技,木仓科技,2018-11-08 16:06:57,,,,,拉勾网,,https://www.lagou.com/jobs/5292674.html
北京,海淀区,教育,析格玛科技（北京）有限公司,,,海淀区,10,本科,应届毕业生,测试实习生,2k-4k,析格玛,析格玛,2018-11-02 09:58:40,,,,,拉勾网,,https://www.lagou.com/jobs/4404086.html
北京,海淀区,"移动互联网,教育",北京世纪好未来教育科技有限公司,,,海淀区,10,本科,应届毕业生,软件测试实习生,4k-6k,好未来,好未来,2018-11-08 17:01:19,,,,,拉勾网,,https://www.lagou.com/jobs/5171289.html
北京,海淀区,金融,北京智融时代信息技术有限公司,,,海淀区,10,本科,不限,测试开发实习生,5k-8k,智融集团,智融集团,2018-11-08 10:41:35,,,,,拉勾网,,https://www.lagou.com/jobs/3009917.html
北京,海淀区,教育,北京多贝兄弟信息技术有限公司,,,海淀区,10,大专,应届毕业生,测试实习生,2k-4k,多贝网,多贝网,2018-11-08 11:34:59,,,,,拉勾网,,https://www.lagou.com/jobs/4580085.html
北京,丰台区,"移动互联网,金融",北京蔚来无限科技有限公司,,,丰台区,10,本科,不限,测试工程师-实习,3k-5k,蔚来科技,蔚来科技,2018-11-07 14:45:28,,,,,拉勾网,,https://www.lagou.com/jobs/4960130.html
北京,丰台区,移动互联网、金融,北京湛腾世纪科技有限公司,,,丰台区,10,本科,应届毕业生,测试助理,3k-5k,北京湛腾科技,北京湛腾科技,2018-11-08 10:19:47,,,,,拉勾网,,https://www.lagou.com/jobs/4934645.html
北京,西城区,"社交网络,文化娱乐",一九零五（北京）网络科技有限公司,,,西城区,10,本科,应届毕业生,测试实习生,1k-2k,1905电影网,1905电影网,2018-11-08 09:13:34,,,,,拉勾网,,https://www.lagou.com/jobs/4591747.html
北京,朝阳区,金融,大特保商务信息咨询（上海）有限公司,,,朝阳区,10,本科,应届毕业生,测试实习生,2k-4k,大特保,大特保,2018-11-06 15:07:15,,,,,拉勾网,,https://www.lagou.com/jobs/2870859.html
北京,东城区,移动互联网,北京安亿致用科技有限公司,,,东城区,3,本科,应届毕业生,Web Backend Engineer Inte,3k-4k,AppAnnie,AppAnnie,2018-11-05 11:13:59,,,,,拉勾网,,https://www.lagou.com/jobs/4731218.html
北京,海淀区,"硬件,文化娱乐",北京极智飞扬科技有限公司,,,海淀区,3,大专,不限,WEB前端实习生,4k-6k,极果,极果,2018-11-08 12:46:15,,,,,拉勾网,,https://www.lagou.com/jobs/4638557.html
北京,海淀区,"移动互联网,文化娱乐",北京早知道科技有限公司,,,海淀区,3,本科,应届毕业生,WEB前端实习生,2k-4k,早知道科技,早知道科技,2018-11-08 03:39:35,,,,,拉勾网,,https://www.lagou.com/jobs/3934914.html
北京,朝阳区,移动互联网,北京奇步互动技术有限公司,,,朝阳区,3,本科,应届毕业生,ElementUI方向Web前端实习,6k-9k,奇步互动,奇步互动,2018-10-19 11:19:42,,,,,拉勾网,,https://www.lagou.com/jobs/4593514.html
北京,昌平区,移动互联网,中国电信股份有限公司北京研究院,,,昌平区,3,本科,应届毕业生,Web前端开发实习生,3k-4k,中国电信北京研究院,中国电信北京研究院,2018-10-10 12:56:26,,,,,拉勾网,,https://www.lagou.com/jobs/5162568.html
北京,丰台区,"O2O,数据服务",北京金科汇智科技有限公司,,,丰台区,3,本科,应届毕业生,Java WEB程序员,3K-6K,金科汇智,金科汇智,2018-11-06 13:48:52,,,,,拉勾网,,https://www.lagou.com/jobs/1716541.html
北京,朝阳区,"移动互联网,金融",人人行科技有限公司,,,朝阳区,3,本科,应届毕业生,web前端实习生,4k-6k,人人行(借贷宝),人人行(借贷宝),2018-10-25 17:57:45,,,,,拉勾网,,https://www.lagou.com/jobs/5167555.html
北京,朝阳区,"医疗健康,硬件",西门子（中国）有限公司,,,朝阳区,3,硕士,应届毕业生,Python Web 软件开发实习生,2k-4k,西门子（中国）,西门子（中国）,2018-11-02 09:53:23,,,,,拉勾网,,https://www.lagou.com/jobs/3808691.html
北京,海淀区,"移动互联网,文化娱乐",北京视诀科技有限公司,,,海淀区,3,本科,应届毕业生,Web前端实习生,5k-10k,视诀,视诀,2018-10-22 19:01:25,,,,,拉勾网,,https://www.lagou.com/jobs/5123855.html
北京,海淀区,"移动互联网,电子商务",北京怡美利康科技有限公司,,,海淀区,5,本科,不限,实习PHP前端开发工程师,3K-4K,App、微信、HTML5开发,App、微信、HTML5开发,2018-10-24 10:40:20,,,,,拉勾网,,https://www.lagou.com/jobs/1913204.html
北京,海淀区,"移动互联网,数据服务",百度在线网络技术（北京）有限公司,,,海淀区,1,本科,不限,Java实习生,2k-4k,百度,百度,2018-11-06 14:53:50,,,,,拉勾网,,https://www.lagou.com/jobs/5027522.html
北京,海淀区,"移动互联网,文化娱乐",北京早知道科技有限公司,,,海淀区,1,本科,应届毕业生,后端开发实习生 (JAVA),3k-5k,早知道科技,早知道科技,2018-11-08 03:39:07,,,,,拉勾网,,https://www.lagou.com/jobs/4213966.html
北京,朝阳区,金融,同道金融服务集团有限公司,,,朝阳区,1,本科,不限,量化Java实习生,2k-4k,同道金融,同道金融,2018-11-01 10:02:51,,,,,拉勾网,,https://www.lagou.com/jobs/5174111.html
北京,朝阳区,"移动互联网,医疗健康",北京水滴互联科技有限公司,,,朝阳区,1,本科,应届毕业生,JAVA开发实习生,4k-5k,水滴互助,水滴互助,2018-11-07 11:13:43,,,,,拉勾网,,https://www.lagou.com/jobs/4534241.html
北京,海淀区,"企业服务,移动互联网",北京图创时代科技有限公司,,,海淀区,1,本科,应届毕业生,JAVA 工程师(实习)/GIS工程师(实习),4k-8k,图创时代,图创时代,2018-10-22 17:39:39,,,,,拉勾网,,https://www.lagou.com/jobs/4825691.html
北京,朝阳区,"移动互联网,教育",北京粉笔蓝天科技有限公司,,,朝阳区,1,本科,应届毕业生,Java开发实习生,8k-12k,粉笔网,粉笔网,2018-11-08 17:09:02,,,,,拉勾网,,https://www.lagou.com/jobs/5089171.html
北京,东城区,金融,上海安硕信息技术股份有限公司,,,东城区,1,本科,应届毕业生,JAVA实习生（2019年应届生）,2k-3k,安硕信息（amarsoft）,安硕信息（amarsoft）,2018-11-07 09:50:17,,,,,拉勾网,,https://www.lagou.com/jobs/5198432.html
北京,海淀区,其他,海尔优家智能科技（北京）有限公司,,,海淀区,1,本科,应届毕业生,人工智能研发部Java开发实习生,2k-4k,u,u,2018-11-01 18:13:41,,,,,拉勾网,,https://www.lagou.com/jobs/5283394.html
北京,海淀区,生活服务,北京中交兴路车联网科技有限公司,,,海淀区,1,硕士,应届毕业生,java实习生,3k-5k,北京中交兴路车联网科技有限公司,北京中交兴路车联网科技有限公司,2018-10-31 16:10:43,,,,,拉勾网,,https://www.lagou.com/jobs/5099562.html
北京,海淀区,"企业服务,数据服务",普元信息技术股份有限公司,,,海淀区,1,本科,应届毕业生,java开发实习生,4k-6k,普元,普元,2018-11-06 12:19:58,,,,,拉勾网,,https://www.lagou.com/jobs/4656682.html
北京,海淀区,金融,北京快快网络技术有限公司,,,海淀区,1,本科,应届毕业生,Java开发实习生,3k-5k,真融宝,真融宝,2018-11-01 18:00:34,,,,,拉勾网,,https://www.lagou.com/jobs/2552737.html
北京,朝阳区,移动互联网,时趣互动（北京）科技有限公司,,,朝阳区,1,不限,不限,2018校园招聘-Java工程师（可实习）,3k-6k,时趣social-touch,时趣social-touch,2018-11-08 17:45:24,,,,,拉勾网,,https://www.lagou.com/jobs/3665486.html
北京,通州区,移动互联网,北京网众安信科技有限公司,,,通州区,1,不限,不限,java开发实习生,2K-3K,网众安信,网众安信,2018-10-14 12:49:15,,,,,拉勾网,,https://www.lagou.com/jobs/4984877.html
北京,朝阳区,电子商务,北京寻宝天行网络技术有限公司,,,朝阳区,1,本科,应届毕业生,Java实习生,3k-5k,寻宝天行,寻宝天行,2018-11-05 14:32:22,,,,,拉勾网,,https://www.lagou.com/jobs/4084550.html
北京,朝阳区,"移动互联网,企业服务",明德博学（北京）教育科技有限公司,,,朝阳区,1,大专,应届毕业生,JAVA开发实习生,5k-8k,明德科技,明德科技,2018-11-08 10:53:24,,,,,拉勾网,,https://www.lagou.com/jobs/5126570.html
北京,海淀区,数据服务,北京智慧星光信息技术有限公司,,,海淀区,4,本科,应届毕业生,Python爬虫实习生-数据采集,4k-8k,智慧星光,智慧星光,2018-11-07 16:43:03,,,,,拉勾网,,https://www.lagou.com/jobs/5271966.html
北京,海淀区,"企业服务,医疗健康",深圳晶泰科技有限公司,,,海淀区,4,硕士,应届毕业生,机器学习实习生,3k-4k,晶泰科技,晶泰科技,2018-11-08 11:06:24,,,,,拉勾网,,https://www.lagou.com/jobs/3104399.html
北京,朝阳区,社交网络,北京陌陌科技有限公司,,,朝阳区,4,本科,不限,数据平台实习生,3k-4k,陌陌,陌陌,2018-11-07 10:55:46,,,,,拉勾网,,https://www.lagou.com/jobs/2765842.html
北京,海淀区,"移动互联网,数据服务",北京字节跳动科技有限公司,,,海淀区,4,本科,不限,后台开发实习生-懂车帝,5k-9k,字节跳动,字节跳动,2018-11-08 15:44:26,,,,,拉勾网,,https://www.lagou.com/jobs/5246309.html
北京,朝阳区,移动互联网,广州汇量信息科技有限公司,,,朝阳区,4,本科,应届毕业生,后端实习生,3k-4k,Mobvista,Mobvista,2018-11-07 11:01:30,,,,,拉勾网,,https://www.lagou.com/jobs/5094674.html
北京,海淀区,文化娱乐,新浪网技术（中国）有限公司,,,海淀区,4,硕士,不限,数据挖掘实习生,3k-5k,新浪网,新浪网,2018-11-08 13:39:23,,,,,拉勾网,,https://www.lagou.com/jobs/5221203.html
北京,朝阳区,"移动互联网,数据服务",北京云英传奇技术有限公司,,,朝阳区,4,本科,应届毕业生,研发实习生,5k-7k,CloudIn,CloudIn,2018-11-06 11:07:49,,,,,拉勾网,,https://www.lagou.com/jobs/5294405.html
北京,海淀区,"金融,数据服务",百融金融信息服务股份有限公司,,,海淀区,4,本科,应届毕业生,算法工程师（实习）,2k-4k,百融金服,百融金服,2018-10-30 17:32:44,,,,,拉勾网,,https://www.lagou.com/jobs/5118503.html
北京,海淀区,移动互联网,北京嘀嘀无限科技发展有限公司,,,海淀区,4,硕士,不限,机器学习算法工程师--实习岗,3k-5k,滴滴出行,滴滴出行,2018-10-31 11:50:36,,,,,拉勾网,,https://www.lagou.com/jobs/5130594.html
北京,海淀区,"移动互联网,硬件",北京旷视科技有限公司,,,海淀区,4,本科,1年以下,测试开发实习生,3k-4k,Face++,Face++,2018-11-07 18:20:08,,,,,拉勾网,,https://www.lagou.com/jobs/5147621.html
北京,海淀区,"移动互联网,电子商务",北京一人一亩田网络科技有限公司,,,海淀区,4,本科,应届毕业生,php实习生,9k-18k,一亩田,一亩田,2018-11-05 10:40:41,,,,,拉勾网,,https://www.lagou.com/jobs/4263965.html
北京,海淀区,移动互联网,北京市商汤科技开发有限公司,,,海淀区,4,本科,应届毕业生,测试开发实习生,5k-8k,商汤科技,商汤科技,2018-11-08 16:09:52,,,,,拉勾网,,https://www.lagou.com/jobs/5254931.html
北京,海淀区,"移动互联网,教育",北京清帆科技有限公司,,,海淀区,4,硕士,应届毕业生,实习算法工程师,5k-7k,清帆科技,清帆科技,2018-11-08 15:13:12,,,,,拉勾网,,https://www.lagou.com/jobs/5226933.html
北京,朝阳区,游戏,清枫（北京）科技有限公司,,,朝阳区,4,本科,应届毕业生,后台开发实习生,3k-6k,Max+&小黑盒,Max+&小黑盒,2018-11-08 17:10:52,,,,,拉勾网,,https://www.lagou.com/jobs/3022837.html
北京,海淀区,"电子商务,移动互联网",网易（杭州）有限公司,,,海淀区,4,本科,应届毕业生,测试开发实习生,3k-4k,网易,网易,2018-11-05 09:31:06,,,,,拉勾网,,https://www.lagou.com/jobs/4993142.html
北京,海淀区,"移动互联网,数据服务",北京字节跳动科技有限公司,,,海淀区,10,本科,不限,测试开发实习生,3k-6k,字节跳动,字节跳动,2018-11-09 00:05:50,,,,,拉勾网,,https://www.lagou.com/jobs/5119497.html
北京,朝阳区,"移动互联网,企业服务",维我软件（上海）有限公司北京分公司,,,朝阳区,10,本科,不限,测试开发实习生,4k-5k,Veeva,Veeva,2018-11-08 11:22:08,,,,,拉勾网,,https://www.lagou.com/jobs/5138786.html
北京,海淀区,"移动互联网,教育",北京世纪好未来教育科技有限公司,,,海淀区,10,本科,不限,IT-测试实习生,2k-4k,好未来,好未来,2018-10-19 16:50:40,,,,,拉勾网,,https://www.lagou.com/jobs/4554919.html
北京,海淀区,"移动互联网,数据服务",联想（北京）有限公司,,,海淀区,10,本科,应届毕业生,软件测试实习生,2k-4k,联想集团,联想集团,2018-11-06 10:26:44,,,,,拉勾网,,https://www.lagou.com/jobs/5064726.html
北京,朝阳区,移动互联网,北京瑞尔视科技有限公司,,,朝阳区,10,本科,应届毕业生,主观测试实习生,2k-3k,RealNetworks,RealNetworks,2018-11-05 15:32:49,,,,,拉勾网,,https://www.lagou.com/jobs/5286589.html
北京,海淀区,"移动互联网,电子商务",北京一人一亩田网络科技有限公司,,,海淀区,10,本科,应届毕业生,测试实习生,5k-8k,一亩田,一亩田,2018-11-05 10:40:40,,,,,拉勾网,,https://www.lagou.com/jobs/4439302.html
北京,海淀区,移动互联网,微梦创科网络科技（中国）有限公司,,,海淀区,10,本科,应届毕业生,测试实习生,2K-4K,新浪微博,新浪微博,2018-11-06 10:22:17,,,,,拉勾网,,https://www.lagou.com/jobs/4774962.html
北京,朝阳区,"移动互联网,生活服务",便利蜂商贸有限公司,,,朝阳区,10,本科,1年以下,硬件测试实习生(J10958),4k-6k,便利蜂,便利蜂,2018-11-06 18:05:00,,,,,拉勾网,,https://www.lagou.com/jobs/4497607.html
北京,大兴区,"移动互联网 ,教育",广州摩翼信息科技有限公司,,,大兴区,10,本科,应届毕业生,测试工程师,7k-12k,翼课网,翼课网,2018-11-08 13:36:25,,,,,拉勾网,,https://www.lagou.com/jobs/4285849.html
北京,东城区,"移动互联网,社交网络",北京豆果信息技术有限公司,,,东城区,10,本科,应届毕业生,测试实习生,3k-5k,豆果美食,豆果美食,2018-11-07 11:05:46,,,,,拉勾网,,https://www.lagou.com/jobs/3426630.html
北京,朝阳区,"数据服务,企业服务",北京瞰微智视科技有限公司,,,朝阳区,10,本科,应届毕业生,软件测试实习生,3k-5k,Conviva,Conviva,2018-11-06 10:51:24,,,,,拉勾网,,https://www.lagou.com/jobs/5269658.html
北京,朝阳区,移动互联网,北京琥珀创想科技有限公司,,,朝阳区,10,大专,不限,测试开发实习生,2k-3k,琥珀天气,琥珀天气,2018-11-08 10:56:49,,,,,拉勾网,,https://www.lagou.com/jobs/5292860.html
北京,海淀区,"硬件 ,数据服务",神州数码（中国）有限公司,,,海淀区,10,本科,不限,测试工程师实习生,2k-3k,神州数码,神州数码,2018-10-30 14:53:10,,,,,拉勾网,,https://www.lagou.com/jobs/5206822.html
北京,朝阳区,"移动互联网,医疗健康",北京水滴互联科技有限公司,,,朝阳区,10,本科,1年以下,测试 实习生,4k-5k,水滴互助,水滴互助,2018-11-07 11:13:43,,,,,拉勾网,,https://www.lagou.com/jobs/4797735.html
北京,东城区,移动互联网,北京安亿致用科技有限公司,,,东城区,10,本科,应届毕业生,测试开发实习生,3k-4k,AppAnnie,AppAnnie,2018-11-05 11:13:29,,,,,拉勾网,,https://www.lagou.com/jobs/4731444.html
北京,海淀区,数据服务,普强信息技术（北京）有限公司,,,海淀区,1,本科,不限,Java开发工程师（实习）,3k-5k,普强信息,普强信息,2018-10-10 14:53:54,,,,,拉勾网,,https://www.lagou.com/jobs/5150839.html
北京,朝阳区,移动互联网,北京久佳信通科技有限公司,,,朝阳区,1,本科,不限,JAVA软件开发实习生,3k-6k,久佳信通,久佳信通,2018-11-08 17:19:55,,,,,拉勾网,,https://www.lagou.com/jobs/4167663.html
北京,朝阳区,"移动互联网,金融",钱现科技发展（北京）有限公司,,,朝阳区,1,本科,1年以下,java开发实习生,4k-5k,前线科技,前线科技,2018-10-11 15:15:03,,,,,拉勾网,,https://www.lagou.com/jobs/5208431.html
北京,海淀区,"移动互联网,企业服务",明德博学（北京）教育科技有限公司,,,海淀区,1,大专,应届毕业生,JAVA软件开发实习生,4k-8k,明德科技,明德科技,2018-11-06 10:34:31,,,,,拉勾网,,https://www.lagou.com/jobs/5086221.html
北京,海淀区,移动互联网,第四范式（北京）技术有限公司,,,海淀区,1,本科,不限,Java实习,7k-8k,第四范式,第四范式,2018-11-07 15:03:23,,,,,拉勾网,,https://www.lagou.com/jobs/4776715.html
北京,东城区,"企业服务,数据服务",北京金蝶管理软件有限公司,,,东城区,1,大专,不限,JAVA开发实习生,2k-4k,北京金蝶,北京金蝶,2018-10-24 09:50:27,,,,,拉勾网,,https://www.lagou.com/jobs/5160757.html
北京,朝阳区,"移动互联网,其他",北京荣智汇通科技有限公司,,,朝阳区,1,本科,1年以下,Java 实习,4k-8k,荣智汇通,荣智汇通,2018-10-10 13:41:45,,,,,拉勾网,,https://www.lagou.com/jobs/1582037.html
北京,昌平区,游戏,北京艾恩游科技有限责任公司,,,昌平区,1,本科,不限,java游戏开发实习,4k-6k,ingame,ingame,2018-10-23 12:12:10,,,,,拉勾网,,https://www.lagou.com/jobs/4638511.html
北京,海淀区,游戏,北京光宇在线科技有限责任公司,,,海淀区,1,本科,应届毕业生,Java开发工程师（运营）,7k-10k,光宇游戏,光宇游戏,2018-11-06 10:35:02,,,,,拉勾网,,https://www.lagou.com/jobs/4854779.html
北京,朝阳区,"电子商务,区块链",北京疯收新媒体科技有限公司,,,朝阳区,1,不限,应届毕业生,全栈 JavaScript 实习生,8k-16k,疯收新媒体,疯收新媒体,2018-10-25 12:41:28,,,,,拉勾网,,https://www.lagou.com/jobs/5105130.html
北京,海淀区,"移动互联网,数据服务",北京字节跳动科技有限公司,,,海淀区,4,本科,不限,数据开发实习生-懂车帝,5k-9k,字节跳动,字节跳动,2018-11-08 15:44:26,,,,,拉勾网,,https://www.lagou.com/jobs/5246312.html
北京,朝阳区,社交网络,北京陌陌科技有限公司,,,朝阳区,4,不限,应届毕业生,计算机视觉实习生,4k-5k,陌陌,陌陌,2018-11-07 10:55:48,,,,,拉勾网,,https://www.lagou.com/jobs/4777078.html
北京,朝阳区,移动互联网,广州汇量信息科技有限公司,,,朝阳区,4,本科,应届毕业生,游戏测试实习生（客户端）,2k-4k,Mobvista,Mobvista,2018-11-07 11:01:52,,,,,拉勾网,,https://www.lagou.com/jobs/5294182.html
北京,海淀区,"移动互联网,硬件",北京旷视科技有限公司,,,海淀区,4,本科,1年以下,测试开发实习生,2k-3k,Face++,Face++,2018-11-07 18:20:09,,,,,拉勾网,,https://www.lagou.com/jobs/4855250.html
北京,海淀区,文化娱乐,新浪网技术（中国）有限公司,,,海淀区,4,本科,不限,数据分析实习生,3k-4k,新浪网,新浪网,2018-11-08 13:39:21,,,,,拉勾网,,https://www.lagou.com/jobs/4222306.html
北京,海淀区,移动互联网,北京市商汤科技开发有限公司,,,海淀区,4,本科,应届毕业生,平台开发实习生,5k-8k,商汤科技,商汤科技,2018-11-08 16:09:56,,,,,拉勾网,,https://www.lagou.com/jobs/5254997.html
北京,朝阳区,金融,宁波艾莫投资管理有限公司,,,朝阳区,4,本科,应届毕业生,后端工程师（校园招聘）,20k-40k,IMO,IMO,2018-11-07 11:49:56,,,,,拉勾网,,https://www.lagou.com/jobs/5134056.html
北京,海淀区,"社交网络,文化娱乐",蜜柚网络科技（上海）有限公司,,,海淀区,4,本科,应届毕业生,北京抖音/火山—后台开发实习生,4k-8k,musical.ly,musical.ly,2018-11-08 11:22:29,,,,,拉勾网,,https://www.lagou.com/jobs/4799798.html
北京,朝阳区,"生活服务,电子商务",行吟信息科技（上海）有限公司,,,朝阳区,4,本科,应届毕业生,测试实习生（校招）,3k-6k,小红书,小红书,2018-10-31 21:29:44,,,,,拉勾网,,https://www.lagou.com/jobs/5085672.html
北京,朝阳区,"企业服务,数据服务",北京数美时代科技有限公司,,,朝阳区,4,本科,不限,C++研发（校招／实习）,3k-6k,数美,数美,2018-11-08 10:28:13,,,,,拉勾网,,https://www.lagou.com/jobs/4045893.html
北京,朝阳区,游戏,易手游科技（天津）有限公司,,,朝阳区,4,本科,应届毕业生,系统工程师（实习生）,2k-4k,紫龙互娱,紫龙互娱,2018-11-07 10:30:13,,,,,拉勾网,,https://www.lagou.com/jobs/3544309.html
北京,海淀区,"金融,数据服务",百融金融信息服务股份有限公司,,,海淀区,4,本科,应届毕业生,数据分析师,10k-20k,百融金服,百融金服,2018-10-30 17:32:44,,,,,拉勾网,,https://www.lagou.com/jobs/5031061.html
北京,海淀区,"移动互联网,数据服务",百度在线网络技术（北京）有限公司,,,海淀区,4,本科,应届毕业生,开发测试工程师-基础技术测试部,4k-5k,百度,百度,2018-11-06 14:53:48,,,,,拉勾网,,https://www.lagou.com/jobs/5254685.html
北京,朝阳区,"移动互联网,金融",北京币世界网络科技有限公司,,,朝阳区,4,本科,应届毕业生,后天服务端开发实习生,4k-6k,币世界,币世界,2018-11-06 14:55:14,,,,,拉勾网,,https://www.lagou.com/jobs/5232494.html
北京,海淀区,移动互联网,北京嘀嘀无限科技发展有限公司,,,海淀区,4,硕士,不限,深度学习算法实习生,3k-5k,滴滴出行,滴滴出行,2018-10-31 11:50:36,,,,,拉勾网,,https://www.lagou.com/jobs/5130648.html
北京,海淀区,"移动互联网,数据服务",北京字节跳动科技有限公司,,,海淀区,10,本科,不限,测试开发实习生,8k-9k,字节跳动,字节跳动,2018-11-08 18:21:03,,,,,拉勾网,,https://www.lagou.com/jobs/3909861.html
北京,朝阳区,O2O,北京善义善美科技有限公司,,,朝阳区,10,本科,不限,测试实习生,3k-6k,人人车,人人车,2018-11-05 10:16:59,,,,,拉勾网,,https://www.lagou.com/jobs/3300881.html
北京,西城区,"移动互联网,广告营销",北京维旺明科技股份有限公司,,,西城区,10,大专,应届毕业生,测试工程师,2k-3k,VIVA畅读,VIVA畅读,2018-11-08 10:22:59,,,,,拉勾网,,https://www.lagou.com/jobs/5228965.html
北京,朝阳区,金融,北京小马金融信息服务有限公司,,,朝阳区,10,本科,应届毕业生,测试员,2k-4k,小马金融,小马金融,2018-11-05 13:38:45,,,,,拉勾网,,https://www.lagou.com/jobs/5221199.html
北京,朝阳区,"移动互联网,金融",北京瑞东环球投资咨询有限公司,,,朝阳区,10,本科,应届毕业生,测试部实习生,2k-4k,北京云锋投资,北京云锋投资,2018-11-05 09:38:35,,,,,拉勾网,,https://www.lagou.com/jobs/4964614.html
北京,朝阳区,教育,北京新橙科技有限公司,,,朝阳区,10,本科,应届毕业生,实习测试工程师,3K-5K,iCourt,iCourt,2018-10-11 13:03:14,,,,,拉勾网,,https://www.lagou.com/jobs/4487067.html
北京,海淀区,信息安全,北京亿赛通科技发展有限责任公司,,,海淀区,10,本科,应届毕业生,软件测试实习生,2k-4k,亿赛通,亿赛通,2018-11-08 10:14:04,,,,,拉勾网,,https://www.lagou.com/jobs/5269678.html
北京,朝阳区,"企业服务,数据服务",赛仕软件研究开发（北京）有限公司,,,朝阳区,10,硕士,应届毕业生,部署测试实习生,2k-3k,SAS,SAS,2018-11-05 15:19:04,,,,,拉勾网,,https://www.lagou.com/jobs/5280857.html
北京,海淀区,"金融,数据服务",大象慧云信息技术有限公司,,,海淀区,10,本科,不限,测试实习生,2k-3k,大象慧云,大象慧云,2018-11-05 11:39:45,,,,,拉勾网,,https://www.lagou.com/jobs/5155196.html
北京,东城区,"金融,数据服务",北京比特智盈科技有限公司,,,东城区,10,本科,应届毕业生,测试实习生,2k-3k,比特智盈,比特智盈,2018-10-19 10:05:37,,,,,拉勾网,,https://www.lagou.com/jobs/5031202.html
北京,朝阳区,"电子商务,移动互联网",优舫（北京）信息科技有限公司,,,朝阳区,10,本科,应届毕业生,产品/测试实习生-北京-18302,3k-4k,优信集团,优信集团,2018-11-06 11:47:43,,,,,拉勾网,,https://www.lagou.com/jobs/5274563.html
北京,昌平区,"移动互联网,金融",北京金科梦科技有限公司,,,昌平区,10,不限,不限,软件测试实习,3k-5k,北京金科梦科技有限公司,北京金科梦科技有限公司,2018-11-08 09:11:13,,,,,拉勾网,,https://www.lagou.com/jobs/5152851.html
北京,海淀区,"移动互联网,数据服务",百度在线网络技术（北京）有限公司,,,海淀区,10,本科,应届毕业生,开发测试工程师-基础技术测试部,4k-5k,百度,百度,2018-11-06 14:53:48,,,,,拉勾网,,https://www.lagou.com/jobs/5254685.html
北京,朝阳区,"数据服务,硬件",北京握奇数据股份有限公司,,,朝阳区,10,本科,应届毕业生,测试实习生,2k-4k,握奇,握奇,2018-10-25 09:52:58,,,,,拉勾网,,https://www.lagou.com/jobs/4979572.html
北京,海淀区,教育,北京新东方迅程网络科技股份有限公司,,,海淀区,10,本科,应届毕业生,测试实习生,2k-4k,新东方在线,新东方在线,2018-11-01 20:34:58,,,,,拉勾网,,https://www.lagou.com/jobs/4967351.html
北京,海淀区,"移动互联网,数据服务",北京字节跳动科技有限公司,,,海淀区,4,本科,不限,后台开发实习生,8k-9k,字节跳动,字节跳动,2018-11-08 15:39:27,,,,,拉勾网,,https://www.lagou.com/jobs/5181752.html
北京,朝阳区,社交网络,北京陌陌科技有限公司,,,朝阳区,4,硕士,1年以下,算法实习生,4k-5k,陌陌,陌陌,2018-11-07 10:55:45,,,,,拉勾网,,https://www.lagou.com/jobs/5163722.html
北京,朝阳区,"生活服务,电子商务",行吟信息科技（上海）有限公司,,,朝阳区,4,本科,应届毕业生,数据分析实习生,2k-4k,小红书,小红书,2018-11-01 14:11:57,,,,,拉勾网,,https://www.lagou.com/jobs/4334444.html
北京,海淀区,"移动互联网,硬件",北京旷视科技有限公司,,,海淀区,4,本科,应届毕业生,测试开发实习生,6k-8k,Face++,Face++,2018-11-08 10:44:24,,,,,拉勾网,,https://www.lagou.com/jobs/4946133.html
北京,朝阳区,"移动互联网,电子商务",北京第三石科技发展有限公司,,,朝阳区,4,本科,应届毕业生,Go开发工程师（校招）,4k-8k,第三石科技,第三石科技,2018-11-08 15:08:54,,,,,拉勾网,,https://www.lagou.com/jobs/3830249.html
北京,朝阳区,"移动互联网,企业服务",维我软件（上海）有限公司北京分公司,,,朝阳区,4,本科,不限,QA Intern,4k-5k,Veeva,Veeva,2018-11-08 11:22:08,,,,,拉勾网,,https://www.lagou.com/jobs/4627261.html
北京,朝阳区,"移动互联网,硬件",上海蔚来汽车有限公司,,,朝阳区,4,本科,应届毕业生,测试开发实习生,5k-6k,NIO蔚来,NIO蔚来,2018-11-01 16:39:56,,,,,拉勾网,,https://www.lagou.com/jobs/5006577.html
北京,海淀区,数据服务,精硕科技（北京）股份有限公司,,,海淀区,4,本科,应届毕业生,大数据开发工程师-北京校招,5k-8k,AdMaster,AdMaster,2018-11-08 11:24:17,,,,,拉勾网,,https://www.lagou.com/jobs/5232043.html
北京,朝阳区,"移动互联网,金融",深圳市有鱼智能科技有限公司,,,朝阳区,4,本科,应届毕业生,测试部实习生（北京）,3k-5k,有鱼智能科技,有鱼智能科技,2018-11-08 09:53:43,,,,,拉勾网,,https://www.lagou.com/jobs/4981463.html
北京,朝阳区,"移动互联网,金融",北京币世界网络科技有限公司,,,朝阳区,4,本科,应届毕业生,后台服务端开发实习生,4k-6k,币世界,币世界,2018-11-06 14:55:14,,,,,拉勾网,,https://www.lagou.com/jobs/5232490.html
北京,海淀区,"企业服务,信息安全",北京长亭科技有限公司,,,海淀区,4,本科,应届毕业生,后端开发实习生,5k-6k,长亭科技,长亭科技,2018-11-08 09:54:44,,,,,拉勾网,,https://www.lagou.com/jobs/5045603.html
北京,朝阳区,"移动互联网,金融",平安科技（深圳）有限公司,,,朝阳区,4,硕士,应届毕业生,算法工程师,5k-7k,平安科技,平安科技,2018-11-06 10:13:44,,,,,拉勾网,,https://www.lagou.com/jobs/4867674.html
北京,海淀区,"移动互联网,数据服务",百度在线网络技术（北京）有限公司,,,海淀区,4,本科,不限,大数据分析研发工程师,3k-5k,百度,百度,2018-11-01 15:57:25,,,,,拉勾网,,https://www.lagou.com/jobs/3751404.html
北京,东城区,"金融,数据服务",上海氪信信息技术有限公司,,,东城区,4,本科,应届毕业生,实习生（量化投资方向）,2k-4k,CreditX,CreditX,2018-11-08 19:21:34,,,,,拉勾网,,https://www.lagou.com/jobs/4642168.html
北京,朝阳区,"移动互联网,O2O",北京互连众信科技有限公司,,,朝阳区,4,本科,应届毕业生,Linux运维实习生,2k-4k,资产360,资产360,2018-11-08 11:13:50,,,,,拉勾网,,https://www.lagou.com/jobs/5277423.html
北京,海淀区,"移动互联网,数据服务",北京字节跳动科技有限公司,,,海淀区,10,本科,不限,测试开发实习生,5k-10k,字节跳动,字节跳动,2018-11-08 15:34:16,,,,,拉勾网,,https://www.lagou.com/jobs/4667096.html
北京,东城区,"移动互联网,游戏",北京创智优品科技有限公司,,,东城区,10,本科,应届毕业生,【校招】测试工程师,3k-5k,Zenjoy,Zenjoy,2018-11-08 11:38:06,,,,,拉勾网,,https://www.lagou.com/jobs/4506262.html
北京,海淀区,"硬件,企业服务",北京原子机器人科技有限公司,,,海淀区,10,本科,应届毕业生,测试开发实习生,3k-6k,原子机器人,原子机器人,2018-11-05 15:41:54,,,,,拉勾网,,https://www.lagou.com/jobs/4605603.html
北京,朝阳区,移动互联网,广州汇量信息科技有限公司,,,朝阳区,10,本科,应届毕业生,游戏测试实习生（客户端）,2k-4k,Mobvista,Mobvista,2018-11-07 11:01:52,,,,,拉勾网,,https://www.lagou.com/jobs/5294182.html
北京,海淀区,"教育,数据服务",平方创想教育科技（北京）有限公司,,,海淀区,10,本科,应届毕业生,软件测试实习生,2k-4k,申请方,申请方,2018-11-08 10:06:44,,,,,拉勾网,,https://www.lagou.com/jobs/5212341.html
北京,海淀区,教育,小立教育科技（北京）有限公司,,,海淀区,10,本科,应届毕业生,测试实习生,6k-10k,小立教育,小立教育,2018-10-12 16:04:23,,,,,拉勾网,,https://www.lagou.com/jobs/4387024.html
北京,朝阳区,"移动互联网,数据服务",北京云英传奇技术有限公司,,,朝阳区,10,本科,应届毕业生,测试实习生,4k-8k,CloudIn,CloudIn,2018-10-15 14:19:51,,,,,拉勾网,,https://www.lagou.com/jobs/5077810.html
北京,海淀区,移动互联网,北京趣拿软件科技有限公司,,,海淀区,10,本科,应届毕业生,测试实习生-金融事业部J10979,4k-6k,去哪儿网,去哪儿网,2018-10-30 13:46:26,,,,,拉勾网,,https://www.lagou.com/jobs/3355442.html
北京,朝阳区,"移动互联网,社交网络",云智联网络科技（北京）有限公司,,,朝阳区,10,本科,不限,客户端 QA实习生 (MJ000339),2k-4k,亚创,亚创,2018-11-08 11:57:28,,,,,拉勾网,,https://www.lagou.com/jobs/5155017.html
北京,朝阳区,金融,深圳市赢时胜信息技术股份有限公司,,,朝阳区,10,本科,不限,软件测试实习生,3k-4k,赢时胜软件,赢时胜软件,2018-11-08 10:10:38,,,,,拉勾网,,https://www.lagou.com/jobs/5180963.html
北京,朝阳区,"O2O,生活服务",北京五八到家信息技术有限公司,,,朝阳区,10,本科,应届毕业生,测试开发工程师（实习，优异者直接发校招offer）,2k-4k,58到家,58到家,2018-11-08 15:27:16,,,,,拉勾网,,https://www.lagou.com/jobs/3431096.html
北京,海淀区,教育,北京新东方迅程网络科技股份有限公司,,,海淀区,10,本科,应届毕业生,测试实习生,2k-3k,新东方在线,新东方在线,2018-11-01 20:18:34,,,,,拉勾网,,https://www.lagou.com/jobs/4795139.html
北京,朝阳区,企业服务,北京微明互动信息技术有限公司,,,朝阳区,10,不限,不限,测试实习生,3k-5k,微明互动,微明互动,2018-10-15 10:56:27,,,,,拉勾网,,https://www.lagou.com/jobs/5206498.html
北京,朝阳区,"移动互联网,O2O",北京怡合春天科技有限公司,,,朝阳区,10,本科,应届毕业生,测试工程师实习生,3k-5k,本木医疗,本木医疗,2018-10-23 17:02:27,,,,,拉勾网,,https://www.lagou.com/jobs/5223403.html
北京,朝阳区,移动互联网,北京智能管家科技有限公司,,,朝阳区,10,本科,不限,测试实习生,2k-4k,roobo,roobo,2018-10-18 10:08:32,,,,,拉勾网,,https://www.lagou.com/jobs/3198514.html
北京,海淀区,"移动互联网,数据服务",北京字节跳动科技有限公司,,,海淀区,4,本科,1年以下,后端开发实习生-皮皮虾,3k-6k,字节跳动,字节跳动,2018-11-09 00:05:53,,,,,拉勾网,,https://www.lagou.com/jobs/5240111.html
北京,海淀区,"移动互联网,硬件",北京旷视科技有限公司,,,海淀区,4,本科,应届毕业生,算法实习生,6k-8k,Face++,Face++,2018-11-08 10:44:24,,,,,拉勾网,,https://www.lagou.com/jobs/5152818.html
北京,朝阳区,"移动互联网,金融",北京币世界网络科技有限公司,,,朝阳区,4,本科,不限,量化交易员实习生,5k-7k,币世界,币世界,2018-11-06 14:55:14,,,,,拉勾网,,https://www.lagou.com/jobs/5138748.html
北京,朝阳区,"移动互联网,企业服务",维我软件（上海）有限公司北京分公司,,,朝阳区,4,本科,不限,测试实习生,4k-5k,Veeva,Veeva,2018-11-08 11:21:45,,,,,拉勾网,,https://www.lagou.com/jobs/4627211.html
北京,朝阳区,"O2O,生活服务",北京五八到家信息技术有限公司,,,朝阳区,4,本科,应届毕业生,2019级 前端工程师（实习生）,9k-14k,58到家,58到家,2018-10-25 11:35:19,,,,,拉勾网,,https://www.lagou.com/jobs/5235541.html
北京,朝阳区,"移动互联网,教育",上海一起作业信息科技有限公司,,,朝阳区,4,不限,不限,AI算法实习生(技术） (MJ000023),4k-6k,一起科技,一起科技,2018-10-18 10:09:05,,,,,拉勾网,,https://www.lagou.com/jobs/4929895.html
北京,朝阳区,"企业服务,数据服务",北京数美时代科技有限公司,,,朝阳区,4,本科,不限,数据挖掘（实习／校招）,3k-6k,数美,数美,2018-11-08 10:28:22,,,,,拉勾网,,https://www.lagou.com/jobs/4046318.html
北京,海淀区,硬件,北京石头世纪科技有限公司,,,海淀区,4,本科,应届毕业生,软件开发实习生,3k-5k,Roborock,Roborock,2018-11-07 10:50:59,,,,,拉勾网,,https://www.lagou.com/jobs/5298967.html
北京,东城区,移动互联网,一块互动（北京）科技有限公司,,,东城区,4,硕士,应届毕业生,量化研究员实习生,3k-4k,一块互动,一块互动,2018-11-07 17:09:24,,,,,拉勾网,,https://www.lagou.com/jobs/5075399.html
北京,朝阳区,"移动互联网,硬件",上海蔚来汽车有限公司,,,朝阳区,4,硕士,1年以下,算法实习生(三维图像),5k-6k,NIO蔚来,NIO蔚来,2018-11-01 15:49:07,,,,,拉勾网,,https://www.lagou.com/jobs/5282361.html
北京,朝阳区,移动互联网,北京图森智途科技有限公司,,,朝阳区,4,本科,应届毕业生,定位与高精度地图算法实习生,10k-15k,图森未来,图森未来,2018-11-05 19:53:41,,,,,拉勾网,,https://www.lagou.com/jobs/4838143.html
北京,海淀区,"移动互联网,数据服务",北京金山云网络技术有限公司,,,海淀区,4,本科,应届毕业生,算法实习生,3k-5k,金山云,金山云,2018-11-08 09:25:31,,,,,拉勾网,,https://www.lagou.com/jobs/4863865.html
北京,海淀区,"移动互联网,数据服务",百度在线网络技术（北京）有限公司,,,海淀区,4,本科,应届毕业生,策略研发实习生,3k-4k,百度,百度,2018-11-02 12:50:03,,,,,拉勾网,,https://www.lagou.com/jobs/5285272.html
北京,朝阳区,"移动互联网,O2O",北京三快在线科技有限公司,,,朝阳区,4,不限,不限,商业分析实习生,2k-4k,美团点评,美团点评,2018-11-08 11:21:23,,,,,拉勾网,,https://www.lagou.com/jobs/3858155.html
北京,海淀区,广告营销,北京新意互动广告有限公司,,,海淀区,4,本科,应届毕业生,测试实习生,3k-4k,新意互动,新意互动,2018-11-08 15:10:42,,,,,拉勾网,,https://www.lagou.com/jobs/5127796.html
北京,海淀区,"移动互联网,数据服务",北京字节跳动科技有限公司,,,海淀区,10,本科,应届毕业生,测试开发实习生-核心广告系统,4k-8k,字节跳动,字节跳动,2018-11-08 15:27:59,,,,,拉勾网,,https://www.lagou.com/jobs/5132654.html
北京,东城区,教育,北京大米未来科技有限公司,,,东城区,10,本科,不限,测试实习生,3k-4k,VIPKID,VIPKID,2018-10-30 17:28:25,,,,,拉勾网,,https://www.lagou.com/jobs/4788936.html
北京,朝阳区,"移动互联网,游戏",奇虎360科技有限公司,,,朝阳区,10,本科,应届毕业生,测试实习生,3k-4k,360,360,2018-11-05 11:29:27,,,,,拉勾网,,https://www.lagou.com/jobs/4338937.html
北京,海淀区,"移动互联网,O2O",北京羽扇智信息科技有限公司,,,海淀区,10,本科,应届毕业生,测试实习生,3k-4k,出门问问,出门问问,2018-10-29 11:26:19,,,,,拉勾网,,https://www.lagou.com/jobs/4141289.html
北京,朝阳区,移动互联网,时趣互动（北京）科技有限公司,,,朝阳区,10,本科,应届毕业生,实习测试工程师,3k-4k,时趣social-touch,时趣social-touch,2018-11-08 17:45:24,,,,,拉勾网,,https://www.lagou.com/jobs/3823119.html
北京,,"移动互联网,企业服务",OpenWave,,,,10,本科,不限,软件测试实习生（在读）,4k-5k,OpenWave,OpenWave,2018-11-06 18:25:16,,,,,拉勾网,,https://www.lagou.com/jobs/2326266.html
北京,海淀区,"企业服务,移动互联网",北京适创科技有限公司,,,海淀区,10,本科,应届毕业生,算法测试实习工程师,3k-6k,北京适创科技有限公司,北京适创科技有限公司,2018-11-02 10:09:11,,,,,拉勾网,,https://www.lagou.com/jobs/5113034.html
北京,朝阳区,移动互联网,北京有鱼科技有限公司,,,朝阳区,10,本科,应届毕业生,测试实习生,3k-5k,北京有鱼科技,北京有鱼科技,2018-10-22 15:08:52,,,,,拉勾网,,https://www.lagou.com/jobs/4940159.html
北京,东城区,"移动互联网,文化娱乐",北京猫眼文化传媒有限公司,,,东城区,10,本科,不限,测试开发实习生,2k-4k,猫眼电影,猫眼电影,2018-11-06 09:56:45,,,,,拉勾网,,https://www.lagou.com/jobs/4801370.html
北京,朝阳区,移动互联网,极晨智道信息技术（北京）有限公司,,,朝阳区,10,本科,不限,渗透测试实习生,3k-4k,极晨智道信息技术有限公司,极晨智道信息技术有限公司,2018-11-08 09:08:31,,,,,拉勾网,,https://www.lagou.com/jobs/5223977.html
北京,海淀区,企业服务,广联达软件股份有限公司,,,海淀区,10,本科,不限,数据标准模型测试,2k-3k,广联达,广联达,2018-11-07 11:27:38,,,,,拉勾网,,https://www.lagou.com/jobs/5299345.html
北京,海淀区,硬件,鼎力联合（北京）科技有限公司,,,海淀区,10,本科,应届毕业生,配送机器人测试实习生,4k-6k,赛格威机器人,赛格威机器人,2018-11-07 14:09:37,,,,,拉勾网,,https://www.lagou.com/jobs/5283226.html
北京,海淀区,"移动互联网,数据服务",百度在线网络技术（北京）有限公司,,,海淀区,10,本科,1年以下,AI测试部_测试开发实习生,3k-5k,百度,百度,2018-10-29 15:54:23,,,,,拉勾网,,https://www.lagou.com/jobs/5268692.html
北京,朝阳区,硬件,北京龙鼎源科技股份有限公司,,,朝阳区,10,本科,不限,软件测试实习生,2k-4k,龙鼎源,龙鼎源,2018-10-29 17:02:16,,,,,拉勾网,,https://www.lagou.com/jobs/5168873.html
北京,朝阳区,移动互联网,北京图森智途科技有限公司,,,朝阳区,10,本科,应届毕业生,自动驾驶整车现场测试实习生,8k-12k,图森未来,图森未来,2018-11-05 19:53:41,,,,,拉勾网,,https://www.lagou.com/jobs/4922739.html
北京,海淀区,"移动互联网,数据服务",北京字节跳动科技有限公司,,,海淀区,4,本科,不限,架构开发实习生,3k-6k,字节跳动,字节跳动,2018-11-08 15:34:01,,,,,拉勾网,,https://www.lagou.com/jobs/4625825.html
北京,海淀区,"移动互联网,硬件",北京旷视科技有限公司,,,海淀区,4,本科,不限,后端开发实习生,5k-8k,Face++,Face++,2018-11-08 10:44:26,,,,,拉勾网,,https://www.lagou.com/jobs/5132199.html
北京,朝阳区,"移动互联网,金融",北京币世界网络科技有限公司,,,朝阳区,4,本科,不限,量化交易员实习生,4k-6k,币世界,币世界,2018-11-06 14:55:12,,,,,拉勾网,,https://www.lagou.com/jobs/5133192.html
北京,朝阳区,"企业服务,数据服务",北京数美时代科技有限公司,,,朝阳区,4,硕士,应届毕业生,算法实习生,3k-6k,数美,数美,2018-11-08 10:28:19,,,,,拉勾网,,https://www.lagou.com/jobs/3397892.html
北京,朝阳区,"移动互联网,企业服务",维我软件（上海）有限公司北京分公司,,,朝阳区,4,本科,不限,软件测试实习生,3k-4k,Veeva,Veeva,2018-11-07 18:50:36,,,,,拉勾网,,https://www.lagou.com/jobs/4865726.html
北京,朝阳区,移动互联网,北京图森智途科技有限公司,,,朝阳区,4,本科,应届毕业生,高性能计算实习生,10k-15k,图森未来,图森未来,2018-11-05 19:53:41,,,,,拉勾网,,https://www.lagou.com/jobs/4922508.html
北京,朝阳区,"移动互联网,硬件",上海蔚来汽车有限公司,,,朝阳区,4,硕士,应届毕业生,图像算法实习生,6k-8k,NIO蔚来,NIO蔚来,2018-11-06 16:32:19,,,,,拉勾网,,https://www.lagou.com/jobs/4618159.html
北京,朝阳区,人工智能,北京亮道智能汽车技术有限公司,,,朝阳区,4,本科,应届毕业生,算法实习生,4k-8k,亮道智能汽车,亮道智能汽车,2018-11-08 14:51:28,,,,,拉勾网,,https://www.lagou.com/jobs/5305652.html
北京,海淀区,数据服务,神策网络科技（北京）有限公司,,,海淀区,4,本科,不限,推荐系统研发实习生,5k-8k,神策数据,神策数据,2018-11-07 14:53:29,,,,,拉勾网,,https://www.lagou.com/jobs/4730924.html
北京,海淀区,移动互联网,北京奇点机智信息技术有限公司,,,海淀区,4,本科,应届毕业生,算法实习生,4k-6k,奇点机智,奇点机智,2018-11-07 14:12:35,,,,,拉勾网,,https://www.lagou.com/jobs/2844606.html
北京,海淀区,移动互联网,中国科学院信息工程研究所,,,海淀区,4,硕士,应届毕业生,软件开发实习生,2k-4k,中科院信工所,中科院信工所,2018-11-05 09:58:40,,,,,拉勾网,,https://www.lagou.com/jobs/4370528.html
北京,海淀区,"企业服务,硬件",北京矩视智能科技有限公司,,,海淀区,4,硕士,应届毕业生,图像处理算法实习,3k-6k,矩视智能,矩视智能,2018-10-31 20:10:48,,,,,拉勾网,,https://www.lagou.com/jobs/4781903.html
北京,海淀区,医疗健康,北京图湃影像科技有限公司,,,海淀区,4,本科,应届毕业生,算法工程师,3k-6k,图湃影像,图湃影像,2018-11-07 09:10:31,,,,,拉勾网,,https://www.lagou.com/jobs/5058464.html
北京,朝阳区,"企业服务,数据服务",杭州云脑科技有限公司,,,朝阳区,4,本科,应届毕业生,数据分析实习生（产品方向）,3k-5k,云脑科技,云脑科技,2018-11-02 14:51:25,,,,,拉勾网,,https://www.lagou.com/jobs/5224439.html
北京,海淀区,金融,北京智融时代信息技术有限公司,,,海淀区,4,本科,不限,测试开发实习生,5k-8k,智融集团,智融集团,2018-11-08 10:41:35,,,,,拉勾网,,https://www.lagou.com/jobs/3009917.html
北京,朝阳区,"硬件,教育",小叶子（北京）科技有限公司,,,朝阳区,10,本科,应届毕业生,自动化测试实习生,3k-6k,The ONE,The ONE,2018-10-31 10:12:05,,,,,拉勾网,,https://www.lagou.com/jobs/3204476.html
北京,朝阳区,"移动互联网,社交网络",北京阿卡信信息技术有限公司,,,朝阳区,10,本科,应届毕业生,QA工程师实习生,4k-5k,Akaxin,Akaxin,2018-10-29 13:01:46,,,,,拉勾网,,https://www.lagou.com/jobs/5244707.html
北京,海淀区,广告营销,北京新意互动广告有限公司,,,海淀区,10,本科,不限,测试实习生—XTPT,2k-4k,新意互动,新意互动,2018-10-11 11:25:55,,,,,拉勾网,,https://www.lagou.com/jobs/4996127.html
北京,丰台区,"移动互联网,金融",北京蔚来无限科技有限公司,,,丰台区,10,本科,不限,功能测试工程师,3k-5k,蔚来科技,蔚来科技,2018-11-07 14:45:25,,,,,拉勾网,,https://www.lagou.com/jobs/5025663.html
北京,东城区,游戏,北京永航科技有限公司,,,东城区,10,大专,应届毕业生,功能测试,4k-5k,QQ炫舞,QQ炫舞,2018-11-02 14:36:28,,,,,拉勾网,,https://www.lagou.com/jobs/5285740.html
北京,朝阳区,"移动互联网,其他",哈曼智联科技（成都）有限公司,,,朝阳区,10,本科,应届毕业生,Android 测试,8k-15k,Symphony Teleca,Symphony Teleca,2018-10-22 11:02:53,,,,,拉勾网,,https://www.lagou.com/jobs/5114251.html
北京,海淀区,"移动互联网,数据服务",北京搜狗科技发展有限公司,,,海淀区,10,本科,应届毕业生,Android测试平台开发工程师（实习）,3k-5k,搜狗,搜狗,2018-10-15 16:49:04,,,,,拉勾网,,https://www.lagou.com/jobs/5219751.html
北京,海淀区,"移动互联网,数据服务",北京搜狗科技发展有限公司,,,海淀区,10,本科,应届毕业生,Android测试平台开发工程师（实习）,3k-5k,搜狗,搜狗,2018-11-06 19:16:58,,,,,拉勾网,,https://www.lagou.com/jobs/5025129.html
北京,海淀区,"移动互联网,数据服务",北京字节跳动科技有限公司,,,海淀区,4,本科,不限,安全实习工程师,5k-10k,字节跳动,字节跳动,2018-11-08 15:38:06,,,,,拉勾网,,https://www.lagou.com/jobs/4922925.html
北京,朝阳区,"企业服务,数据服务",北京数美时代科技有限公司,,,朝阳区,4,本科,不限,数据挖掘（实习／校招）,3k-6k,数美,数美,2018-11-08 10:28:22,,,,,拉勾网,,https://www.lagou.com/jobs/4046336.html
北京,朝阳区,移动互联网,北京图森智途科技有限公司,,,朝阳区,4,本科,应届毕业生,高精地图API实习生,8k-12k,图森未来,图森未来,2018-11-05 19:53:42,,,,,拉勾网,,https://www.lagou.com/jobs/4922911.html
北京,朝阳区,"移动互联网,金融",北京币世界网络科技有限公司,,,朝阳区,4,本科,应届毕业生,数据工程师（爬虫方向实习生）,3k-4k,币世界,币世界,2018-11-06 14:55:15,,,,,拉勾网,,https://www.lagou.com/jobs/4608826.html
北京,朝阳区,"移动互联网,企业服务",维我软件（上海）有限公司北京分公司,,,朝阳区,4,本科,不限,测试开发实习生,4k-5k,Veeva,Veeva,2018-11-08 11:22:08,,,,,拉勾网,,https://www.lagou.com/jobs/5138786.html
北京,海淀区,"移动互联网,数据服务",百度在线网络技术（北京）有限公司,,,海淀区,4,本科,不限,百度_数据挖掘研发实习生,4k-8k,百度,百度,2018-11-08 15:24:35,,,,,拉勾网,,https://www.lagou.com/jobs/5264290.html
北京,海淀区,金融,北京智融时代信息技术有限公司,,,海淀区,4,本科,不限,实习算法工程师,7k-14k,智融集团,智融集团,2018-11-08 10:41:30,,,,,拉勾网,,https://www.lagou.com/jobs/1964374.html
北京,朝阳区,"O2O,生活服务",北京五八到家信息技术有限公司,,,朝阳区,4,本科,应届毕业生,前端实习生,3k-5k,58到家,58到家,2018-11-06 10:56:09,,,,,拉勾网,,https://www.lagou.com/jobs/5208526.html
北京,朝阳区,"移动互联网,教育",光合新知（北京）科技有限公司,,,朝阳区,4,本科,应届毕业生,数据挖掘实习生,3k-5k,洋葱数学,洋葱数学,2018-11-08 18:05:30,,,,,拉勾网,,https://www.lagou.com/jobs/5250040.html
北京,海淀区,"数据服务,人工智能",北京象心力科技有限公司,,,海淀区,4,本科,不限,气象算法工程师,4k-8k,象心力科技,象心力科技,2018-11-02 20:11:06,,,,,拉勾网,,https://www.lagou.com/jobs/5287488.html
北京,西城区,金融,因诺（上海）资产管理有限公司,,,西城区,4,硕士,不限,算法交易实习生,4k-6k,因诺,因诺,2018-11-02 15:42:22,,,,,拉勾网,,https://www.lagou.com/jobs/4438809.html
北京,海淀区,信息安全,北京神州绿盟信息安全科技股份有限公司,,,海淀区,4,本科,不限,web开发实习生,2k-4k,绿盟科技,绿盟科技,2018-10-23 11:32:54,,,,,拉勾网,,https://www.lagou.com/jobs/5090595.html
北京,朝阳区,"移动互联网,教育",北京粉笔未来科技有限公司,,,朝阳区,4,本科,不限,助教实习生,3k-4k,猿辅导,猿辅导,2018-11-05 14:33:52,,,,,拉勾网,,https://www.lagou.com/jobs/5012192.html
北京,海淀区,"企业服务,硬件",北京矩视智能科技有限公司,,,海淀区,4,硕士,应届毕业生,3D视觉算法实习生,3k-6k,矩视智能,矩视智能,2018-10-31 20:10:48,,,,,拉勾网,,https://www.lagou.com/jobs/4590350.html
北京,朝阳区,"移动互联网,硬件",特斯联（北京）科技有限公司,,,朝阳区,4,本科,不限,数据开发（实习）,3k-5k,特斯联,特斯联,2018-11-08 13:24:57,,,,,拉勾网,,https://www.lagou.com/jobs/4795608.html
北京,海淀区,"移动互联网,数据服务",北京字节跳动科技有限公司,,,海淀区,4,本科,不限,后台开发实习生-基础架构,3k-6k,字节跳动,字节跳动,2018-11-09 00:05:50,,,,,拉勾网,,https://www.lagou.com/jobs/5119053.html
北京,朝阳区,移动互联网,北京图森智途科技有限公司,,,朝阳区,4,本科,不限,车辆控制系统实习生,8k-12k,图森未来,图森未来,2018-11-05 19:53:41,,,,,拉勾网,,https://www.lagou.com/jobs/4922446.html
北京,朝阳区,"移动互联网,文化娱乐",北京玩在一起科技有限公司,,,朝阳区,4,本科,应届毕业生,推荐算法实习生,4k-8k,玩加电竞,玩加电竞,2018-11-07 20:07:00,,,,,拉勾网,,https://www.lagou.com/jobs/4794542.html
北京,朝阳区,"移动互联网,O2O",北京三快在线科技有限公司,,,朝阳区,4,不限,不限,数据分析实习生,2k-3k,美团点评,美团点评,2018-11-08 11:21:24,,,,,拉勾网,,https://www.lagou.com/jobs/3838330.html
北京,海淀区,企业服务 招聘,八零创成教育科技（北京）有限公司,,,海淀区,4,本科,应届毕业生,服务端开发,5k-7k,实习plus,实习plus,2018-11-06 15:15:15,,,,,拉勾网,,https://www.lagou.com/jobs/5173604.html
北京,海淀区,"移动互联网,数据服务",中科驭数（北京）科技有限公司,,,海淀区,4,本科,应届毕业生,应用开发工程师,8k-15k,驭数科技,驭数科技,2018-10-29 09:33:14,,,,,拉勾网,,https://www.lagou.com/jobs/5143962.html
北京,海淀区,移动互联网,北京蓦然认知科技有限公司,,,海淀区,4,本科,应届毕业生,深度学习研究员,5k-7k,蓦然认知科技,蓦然认知科技,2018-11-06 14:33:52,,,,,拉勾网,,https://www.lagou.com/jobs/4552764.html
北京,海淀区,"移动互联网,教育",北京世纪好未来教育科技有限公司,,,海淀区,4,本科,应届毕业生,软件测试实习生,4k-6k,好未来,好未来,2018-11-08 17:01:19,,,,,拉勾网,,https://www.lagou.com/jobs/5171289.html
北京,海淀区,"企业服务,信息安全",北京众安天下科技有限公司,,,海淀区,4,不限,不限,算法实习生,5k-8k,众安天下 allsec,众安天下 allsec,2018-11-07 15:40:35,,,,,拉勾网,,https://www.lagou.com/jobs/5209025.html
北京,朝阳区,移动互联网,北京水滴成海科技有限公司,,,朝阳区,4,本科,应届毕业生,算法工程师(实习),3k-6k,北京水滴成海科技有限公司,北京水滴成海科技有限公司,2018-11-01 21:37:09,,,,,拉勾网,,https://www.lagou.com/jobs/5264832.html
北京,海淀区,移动互联网,北京小米科技有限责任公司,,,海淀区,4,本科,应届毕业生,软件研发实习生,3k-4k,小米,小米,2018-11-08 10:11:18,,,,,拉勾网,,https://www.lagou.com/jobs/3690267.html
北京,朝阳区,"移动互联网,金融",北京爱选信息科技有限公司,,,朝阳区,4,本科,应届毕业生,IT实习生,3k-6k,爱选科技,爱选科技,2018-11-07 19:01:44,,,,,拉勾网,,https://www.lagou.com/jobs/5040654.html
北京,海淀区,"硬件,移动互联网",速感科技（北京）有限公司,,,海淀区,4,硕士,应届毕业生,机器学习算法工程师（实习）,4k-6k,速感科技,速感科技,2018-11-08 10:19:41,,,,,拉勾网,,https://www.lagou.com/jobs/4648976.html
北京,丰台区,金融,天瓴（北京）投资管理有限公司,,,丰台区,4,本科,应届毕业生,量化研究实习生,2k-4k,天瓴投资,天瓴投资,2018-11-08 09:34:27,,,,,拉勾网,,https://www.lagou.com/jobs/5087901.html
北京,朝阳区,金融,浙江海宁平凡投资管理有限公司,,,朝阳区,4,本科,应届毕业生,量化研究员（实习生）,3k-6k,平凡资本,平凡资本,2018-11-08 09:26:24,,,,,拉勾网,,https://www.lagou.com/jobs/4291850.html
